Timestamp,PM2.5,PM10,Humidity,Temperature
2023-10-02 13:14:21,23.50,44.20,82.68,27.82
2023-10-02 13:14:31,23.60,42.50,82.67,27.82
2023-10-02 13:14:41,23.60,43.70,82.70,27.82
2023-10-02 13:14:51,22.90,42.10,82.68,27.82
2023-10-02 13:15:11,23.30,41.80,82.78,27.82
2023-10-02 13:15:22,23.50,41.40,82.86,27.81
2023-10-02 13:15:31,23.10,42.00,82.96,27.88
2023-10-02 13:15:52,23.30,39.50,87.58,28.50
2023-10-02 13:16:01,23.10,39.60,83.44,28.51
2023-10-02 13:16:11,22.80,43.10,81.85,28.45
2023-10-02 13:16:32,23.00,43.50,82.49,28.80
2023-10-02 13:16:32,23.00,43.50,82.49,28.80
2023-10-02 13:16:32,23.00,43.50,82.49,28.80
2023-10-02 13:16:32,23.00,43.50,82.49,28.80
2023-10-02 13:16:32,23.00,43.50,82.49,28.80
2023-10-02 13:16:32,23.00,43.50,82.49,28.80
2023-10-02 13:16:32,23.00,43.50,82.49,28.80
2023-10-02 13:16:32,23.00,43.50,82.49,28.80
2023-10-02 13:16:32,23.00,43.50,82.49,28.80
2023-10-02 13:16:32,23.00,43.50,82.49,28.80
2023-10-02 14:19:22,23.90,41.90,84.35,27.87
2023-10-02 14:19:22,23.90,41.90,84.35,27.87
2023-10-02 14:19:53,24.40,39.10,84.25,27.89
2023-10-02 14:20:04,24.60,41.10,84.28,27.93
2023-10-02 14:20:13,24.70,42.00,84.07,27.93
2023-10-02 14:20:34,24.30,43.30,84.26,27.94
2023-10-02 14:20:45,23.70,41.10,84.09,27.95
2023-10-02 14:21:03,24.10,39.30,84.14,27.92
2023-10-02 14:21:23,24.60,43.70,84.19,27.95
2023-10-02 14:21:33,24.20,44.00,84.19,27.95
2023-10-02 14:21:43,23.80,43.30,84.19,27.95
2023-10-02 14:21:53,23.50,43.70,84.19,27.95
2023-10-02 14:22:13,23.90,41.40,84.19,27.95
2023-10-02 14:22:23,23.90,40.50,84.19,27.95
2023-10-02 14:22:33,23.80,41.40,84.19,27.95
2023-10-02 14:22:43,23.60,42.70,84.19,27.95
2023-10-02 14:22:53,23.60,42.80,84.19,27.95
2023-10-02 14:23:13,23.60,42.30,84.19,27.95
2023-10-02 14:23:23,23.80,42.20,84.19,27.95
2023-10-02 14:23:33,24.10,41.80,84.19,27.95
2023-10-02 14:23:53,23.70,43.10,84.19,27.95
2023-10-02 14:24:04,23.70,42.50,84.19,27.95
2023-10-02 14:24:34,23.80,43.30,84.29,28.52
2023-10-02 14:24:53,23.50,41.40,83.04,28.38
2023-10-02 14:25:03,23.90,42.90,84.94,28.75
2023-10-02 16:06:38,26.20,41.50,86.27,28.08
2023-10-02 16:06:52,26.00,42.70,86.37,28.06
2023-10-02 16:07:06,26.90,45.60,86.47,28.05
2023-10-02 16:07:15,27.30,44.40,86.47,28.05
2023-10-02 16:07:25,26.90,45.20,86.47,28.05
2023-10-02 16:07:36,26.50,43.10,86.53,28.04
2023-10-02 16:07:55,26.70,41.20,86.55,28.05
2023-10-02 16:08:06,26.80,43.60,86.60,28.06
2023-10-02 16:08:16,26.20,41.80,86.58,28.06
2023-10-02 16:08:26,26.00,42.20,86.59,28.04
2023-10-02 16:08:36,25.70,38.70,86.61,28.06
2023-10-02 16:08:56,26.30,41.50,86.65,28.02
2023-10-02 16:09:06,26.50,44.00,86.70,28.02
2023-10-02 16:09:16,26.50,42.70,86.67,28.02
2023-10-02 16:09:26,26.20,43.80,86.73,28.02
2023-10-02 16:09:46,26.20,42.20,86.80,27.99
2023-10-02 16:09:56,26.60,40.80,86.80,27.98
2023-10-02 16:10:06,26.50,41.40,86.84,27.96
2023-10-02 16:10:16,26.60,43.30,86.94,27.97
2023-10-02 16:10:39,26.30,40.50,87.05,27.94
2023-10-02 16:10:46,26.10,37.60,87.10,27.93
2023-10-02 16:11:07,26.40,37.50,87.20,27.91
2023-10-02 16:11:17,26.40,36.70,87.21,27.90
2023-10-02 16:11:27,26.00,38.30,87.26,27.90
2023-10-02 16:11:37,26.20,40.30,87.27,27.87
2023-10-02 16:11:57,25.80,43.40,87.20,27.87
2023-10-02 16:12:07,25.90,41.90,87.28,27.86
2023-10-02 16:12:17,26.40,39.10,87.33,27.84
2023-10-02 16:12:27,26.50,40.00,87.38,27.84
2023-10-02 16:12:47,26.30,41.60,87.31,27.85
2023-10-02 16:12:57,26.30,39.70,87.16,27.89
2023-10-02 16:13:07,26.20,38.50,87.08,27.90
2023-10-02 16:13:27,25.60,40.40,87.32,27.84
2023-10-02 16:13:38,25.90,41.50,87.34,27.83
2023-10-02 16:13:47,25.80,39.30,87.34,27.83
2023-10-02 16:13:57,25.70,38.30,87.38,27.82
2023-10-02 16:14:08,25.30,37.10,87.40,27.83
2023-10-02 16:14:28,25.20,37.10,87.42,27.80
2023-10-02 16:14:38,25.40,39.30,87.38,27.82
2023-10-02 16:14:48,25.50,42.10,87.42,27.79
2023-10-02 16:14:58,26.00,44.20,87.46,27.80
2023-10-02 16:15:18,25.90,39.00,87.44,27.77
2023-10-02 16:15:28,26.00,37.50,87.45,27.82
2023-10-02 16:15:38,26.50,41.10,87.30,27.82
2023-10-02 16:15:48,25.90,40.00,87.35,27.81
2023-10-02 16:16:09,25.60,37.50,87.48,27.79
2023-10-02 16:16:18,25.90,37.80,87.51,27.78
2023-10-02 16:16:28,26.00,38.30,87.55,27.76
2023-10-02 16:16:39,25.60,38.60,87.61,27.74
2023-10-02 16:17:00,26.00,39.30,87.70,27.72
2023-10-02 16:17:09,26.50,39.50,87.75,27.70
2023-10-02 16:17:29,26.10,40.00,87.79,27.67
2023-10-02 16:17:39,25.80,41.60,87.83,27.67
2023-10-02 16:17:49,25.50,39.40,87.87,27.68
2023-10-02 16:17:59,26.00,40.20,87.87,27.65
2023-10-02 16:18:19,26.60,38.60,87.92,27.65
2023-10-02 16:18:29,26.20,38.40,87.94,27.65
2023-10-02 16:18:39,25.50,38.30,87.97,27.65
2023-10-02 16:18:59,25.60,39.30,87.96,27.66
2023-10-02 16:19:10,26.20,38.90,87.95,27.65
2023-10-02 16:19:19,26.10,39.00,87.94,27.64
2023-10-02 16:19:30,26.40,39.60,87.87,27.67
2023-10-02 16:19:49,26.20,40.20,87.67,27.74
2023-10-02 16:19:59,25.70,39.90,87.60,27.73
2023-10-02 16:20:10,25.50,39.60,87.59,27.73
2023-10-02 16:20:20,25.30,38.80,87.69,27.72
2023-10-02 16:20:40,26.00,38.30,87.70,27.74
2023-10-02 16:20:50,26.20,38.50,87.66,27.71
2023-10-02 16:21:00,26.40,39.70,87.62,27.75
2023-10-02 16:21:10,26.50,40.80,87.47,27.76
2023-10-02 16:21:30,26.20,41.10,87.60,27.74
2023-10-02 16:21:41,25.90,41.60,87.67,27.70
2023-10-02 16:21:50,25.60,42.50,87.75,27.72
2023-10-02 16:22:00,25.90,41.00,87.73,27.74
2023-10-02 16:22:20,26.00,38.80,87.70,27.74
2023-10-02 16:22:30,25.70,37.40,87.73,27.73
2023-10-02 16:22:40,25.50,36.30,87.58,27.76
2023-10-02 16:23:00,25.60,38.50,87.71,27.75
2023-10-02 16:23:11,25.70,42.80,87.65,27.74
2023-10-02 16:23:21,25.50,44.00,87.74,27.76
2023-10-02 16:23:31,25.90,42.90,87.73,27.76
2023-10-02 16:23:51,25.10,37.80,87.67,27.77
2023-10-02 16:24:01,25.00,37.10,87.69,27.76
2023-10-02 16:24:11,25.00,36.60,87.64,27.76
2023-10-02 16:24:21,25.40,37.50,87.69,27.77
2023-10-02 16:24:41,25.90,38.90,87.79,27.76
2023-10-02 16:24:51,25.60,38.70,87.67,27.76
2023-10-02 16:25:01,25.30,37.50,87.63,27.76
2023-10-02 16:25:11,25.40,38.10,87.51,27.82
2023-10-02 16:25:31,25.70,37.50,87.58,27.75
2023-10-02 16:25:42,25.40,35.10,87.67,27.71
2023-10-02 16:25:51,25.30,35.00,87.72,27.72
2023-10-02 16:26:01,25.70,35.50,87.67,27.70
2023-10-02 16:26:22,25.80,38.40,87.76,27.75
2023-10-02 16:26:32,25.20,38.00,87.57,27.75
2023-10-02 16:26:42,24.90,37.10,87.58,27.74
2023-10-02 16:26:52,25.10,38.10,87.55,27.71
2023-10-02 16:27:15,25.20,39.40,87.52,27.77
2023-10-02 16:27:22,25.20,38.10,87.48,27.74
2023-10-02 16:27:42,25.30,36.40,87.58,27.71
2023-10-02 16:28:03,25.00,35.50,87.62,27.71
2023-10-02 16:28:19,24.60,37.20,87.68,27.70
2023-10-02 16:28:34,25.30,37.20,87.69,27.69
2023-10-02 16:28:45,25.90,37.50,87.68,27.72
2023-10-02 16:29:02,25.70,36.60,87.58,27.73
2023-10-02 16:29:13,25.20,35.40,87.65,27.70
2023-10-02 16:29:23,24.90,35.60,87.69,27.69
2023-10-02 16:29:33,24.80,37.00,87.71,27.70
2023-10-02 16:29:53,25.00,38.60,87.63,27.70
2023-10-02 16:30:13,25.30,38.20,87.73,27.67
2023-10-02 16:30:23,25.60,38.00,87.77,27.67
2023-10-02 16:30:43,25.50,37.90,87.78,27.68
2023-10-02 16:30:53,25.60,36.80,87.81,27.66
2023-10-02 16:31:14,25.20,35.00,87.90,27.63
2023-10-02 16:31:23,25.00,35.30,87.85,27.64
2023-10-02 16:31:33,24.60,36.40,87.88,27.61
2023-10-02 16:31:44,24.30,36.80,87.93,27.62
2023-10-02 16:32:03,24.40,33.60,87.94,27.61
2023-10-02 16:32:14,24.60,33.80,87.89,27.65
2023-10-02 16:32:34,25.30,37.70,87.87,27.67
2023-10-02 16:32:44,25.30,37.80,87.81,27.65
2023-10-02 16:32:54,25.30,37.60,87.86,27.66
2023-10-02 16:33:04,25.50,37.70,87.76,27.69
2023-10-02 16:33:24,25.40,36.50,87.85,27.64
2023-10-02 16:33:34,25.00,36.60,87.79,27.68
2023-10-02 16:33:54,25.30,37.50,87.72,27.66
2023-10-02 16:34:04,25.40,38.40,87.79,27.64
2023-10-02 16:34:14,25.50,38.90,87.87,27.63
2023-10-02 16:34:34,24.90,36.90,87.90,27.62
2023-10-02 16:34:45,24.60,36.30,87.86,27.64
2023-10-02 16:34:54,24.50,36.80,87.89,27.62
2023-10-02 16:35:04,24.60,34.60,87.87,27.62
2023-10-02 16:35:25,24.80,34.40,87.85,27.64
2023-10-02 16:35:35,24.50,35.40,87.85,27.64
2023-10-02 16:35:45,25.00,37.20,87.83,27.66
2023-10-02 16:36:05,25.30,39.40,87.81,27.63
2023-10-02 16:36:15,25.30,36.50,87.75,27.66
2023-10-02 16:36:25,24.80,37.10,87.82,27.65
2023-10-02 16:36:35,24.90,35.30,87.78,27.66
2023-10-02 16:36:55,25.10,36.30,87.85,27.63
2023-10-02 16:37:05,25.00,35.00,87.89,27.61
2023-10-02 16:37:15,25.30,35.30,87.96,27.60
2023-10-02 16:37:35,24.90,34.50,88.03,27.58
2023-10-02 16:37:45,24.90,34.30,87.93,27.65
2023-10-02 16:37:55,24.70,34.60,87.87,27.60
2023-10-02 16:38:17,24.80,38.00,87.94,27.59
2023-10-02 16:38:25,25.10,38.20,87.82,27.65
2023-10-02 16:38:36,25.30,38.10,87.83,27.62
2023-10-02 16:38:56,25.20,36.10,87.85,27.63
2023-10-02 16:39:06,25.00,35.80,87.79,27.64
2023-10-02 16:39:16,24.90,37.40,87.78,27.63
2023-10-02 16:39:36,24.30,36.90,87.90,27.60
2023-10-02 16:39:46,24.50,35.10,87.83,27.64
2023-10-02 16:39:56,24.80,35.00,87.73,27.65
2023-10-02 16:40:17,25.10,35.90,87.85,27.61
2023-10-02 16:40:27,24.90,36.30,87.90,27.59
2023-10-02 16:40:36,24.90,36.20,87.83,27.63
2023-10-02 16:40:56,25.10,38.90,87.89,27.62
2023-10-02 16:41:07,25.00,40.40,87.79,27.63
2023-10-02 16:41:17,25.40,39.80,87.77,27.61
2023-10-02 16:41:36,24.80,36.20,87.64,27.63
2023-10-02 16:41:49,24.60,36.00,87.65,27.65
2023-10-02 16:41:57,25.00,37.60,87.67,27.62
2023-10-02 16:42:18,25.00,34.60,87.78,27.62
2023-10-02 16:42:27,24.80,33.40,87.81,27.62
2023-10-02 16:42:38,24.10,34.90,87.84,27.58
2023-10-02 16:42:57,24.10,35.80,87.93,27.59
2023-10-02 16:43:07,24.50,35.70,87.84,27.65
2023-10-02 16:43:17,24.80,35.80,87.68,27.63
2023-10-02 16:43:37,25.40,38.40,87.72,27.64
2023-10-02 16:43:48,25.20,39.20,87.73,27.62
2023-10-02 16:43:57,24.80,37.90,87.80,27.63
2023-10-02 16:44:07,24.50,35.30,87.84,27.61
2023-10-02 16:44:27,24.40,34.40,87.79,27.61
2023-10-02 16:44:37,24.70,34.40,87.80,27.65
2023-10-02 16:44:48,24.70,35.20,87.70,27.67
2023-10-02 16:44:58,25.00,37.00,87.62,27.67
2023-10-02 16:45:08,25.10,37.90,87.66,27.64
2023-10-02 16:45:28,24.70,36.40,87.71,27.65
2023-10-02 16:45:38,24.50,36.20,87.73,27.64
2023-10-02 16:45:48,24.40,35.10,87.76,27.62
2023-10-02 16:46:08,25.20,37.90,87.67,27.65
2023-10-02 16:46:18,25.30,38.50,87.66,27.66
2023-10-02 16:46:28,24.90,35.10,87.69,27.64
2023-10-02 16:46:48,24.90,34.80,87.58,27.66
2023-10-02 16:46:58,25.00,37.20,87.64,27.65
2023-10-02 16:47:08,24.70,36.00,87.60,27.66
2023-10-02 16:47:19,25.00,37.20,87.62,27.68
2023-10-02 16:47:38,24.60,37.90,87.68,27.63
2023-10-02 16:47:49,24.20,36.90,87.69,27.65
2023-10-02 16:47:59,23.90,35.80,87.71,27.65
2023-10-02 16:48:09,24.20,36.30,87.68,27.65
2023-10-02 16:48:29,24.50,36.70,87.76,27.62
2023-10-02 16:48:39,24.50,36.90,87.75,27.64
2023-10-02 16:48:49,24.30,37.40,87.74,27.63
2023-10-02 16:49:09,24.10,33.50,87.78,27.61
2023-10-02 16:49:19,24.40,32.30,87.70,27.66
2023-10-02 16:49:29,24.50,34.80,87.74,27.64
2023-10-02 16:49:39,24.80,35.40,87.69,27.61
2023-10-02 16:50:00,24.50,35.20,87.79,27.64
2023-10-02 16:50:09,24.30,35.70,87.74,27.61
2023-10-02 16:50:20,24.20,35.70,87.82,27.59
2023-10-02 16:50:29,24.00,34.90,87.87,27.59
2023-10-02 16:50:50,24.40,35.80,87.75,27.62
2023-10-02 16:51:00,24.30,36.10,87.77,27.62
2023-10-02 16:51:10,24.30,36.00,87.85,27.59
2023-10-02 16:51:30,23.80,37.00,87.78,27.61
2023-10-02 16:51:40,23.80,37.70,87.85,27.59
2023-10-02 16:51:50,23.70,37.70,87.84,27.61
2023-10-02 16:52:00,24.10,36.30,87.85,27.60
2023-10-02 16:52:21,24.30,34.80,87.82,27.62
2023-10-02 16:52:30,24.10,35.10,87.85,27.63
2023-10-02 16:52:41,24.40,35.80,87.72,27.65
2023-10-02 16:53:01,24.60,35.80,87.76,27.62
2023-10-02 16:53:10,24.40,35.70,87.80,27.63
2023-10-02 16:53:21,24.20,36.60,87.78,27.64
2023-10-02 16:53:30,24.30,35.70,87.78,27.64
2023-10-02 16:53:51,24.70,38.30,87.83,27.62
2023-10-02 16:54:01,24.80,40.20,87.78,27.62
2023-10-02 16:54:11,24.60,39.20,87.79,27.61
2023-10-02 16:54:21,24.70,37.10,87.83,27.62
2023-10-02 16:54:41,24.60,35.70,87.74,27.64
2023-10-02 16:54:51,24.90,35.90,87.63,27.68
2023-10-02 16:55:01,24.90,35.60,87.64,27.64
2023-10-02 16:55:11,24.70,35.90,87.68,27.63
2023-10-02 16:55:31,24.80,36.80,87.77,27.62
2023-10-02 16:55:41,24.80,36.30,87.79,27.63
2023-10-02 16:55:52,24.70,37.20,87.77,27.63
2023-10-02 16:56:13,24.70,37.90,87.88,27.61
2023-10-02 16:56:33,25.20,35.30,87.87,27.60
2023-10-02 16:56:42,25.00,35.00,87.89,27.58
2023-10-02 16:57:02,23.60,33.80,87.89,27.58
2023-10-02 16:57:24,23.70,35.60,87.98,27.58
2023-10-02 16:57:33,23.70,35.40,88.02,27.58
2023-10-02 16:57:54,23.90,35.80,87.92,27.58
2023-10-02 16:58:03,24.20,35.30,87.86,27.61
2023-10-02 16:58:12,24.40,34.70,87.85,27.60
2023-10-02 17:00:43,23.90,36.40,87.99,27.58
2023-10-02 17:00:54,24.30,35.80,88.00,27.59
2023-10-02 17:01:03,23.80,35.10,87.96,27.61
2023-10-02 17:01:13,24.00,35.90,87.83,27.64
2023-10-02 17:01:33,24.30,37.10,87.84,27.63
2023-10-02 17:01:43,24.30,37.60,87.83,27.63
2023-10-02 17:01:53,24.20,36.10,87.81,27.63
2023-10-02 17:02:13,23.90,34.10,87.71,27.65
2023-10-02 17:02:24,24.20,35.50,87.72,27.68
2023-10-02 17:02:35,23.90,37.50,87.64,27.66
2023-10-02 17:02:57,24.00,35.60,87.56,27.68
2023-10-02 17:03:20,24.10,34.80,87.49,27.74
2023-10-02 17:03:35,24.20,34.20,87.44,27.70
2023-10-02 17:03:45,23.90,32.10,87.49,27.70
2023-10-02 17:04:05,23.80,33.70,87.48,27.70
2023-10-02 17:04:14,23.90,36.20,87.46,27.73
2023-10-02 17:04:34,24.00,34.90,87.52,27.70
2023-10-02 17:04:44,24.50,34.00,87.56,27.69
2023-10-02 17:04:54,24.40,33.70,87.56,27.73
2023-10-02 17:05:14,24.00,34.80,87.55,27.71
2023-10-02 17:05:25,24.20,37.10,87.48,27.75
2023-10-02 17:05:34,24.20,36.40,87.48,27.72
2023-10-02 17:05:45,24.30,35.00,87.46,27.73
2023-10-02 17:06:05,24.00,34.50,87.53,27.72
2023-10-02 17:06:15,23.90,36.10,87.54,27.71
2023-10-02 17:06:25,23.80,35.70,87.54,27.67
2023-10-02 17:06:35,24.00,36.50,87.63,27.67
2023-10-02 17:06:55,24.30,39.30,87.65,27.67
2023-10-02 17:07:05,24.10,39.60,87.64,27.71
2023-10-02 17:07:15,24.30,41.30,87.41,27.73
2023-10-02 17:07:35,24.20,37.60,87.52,27.70
2023-10-02 17:07:45,23.70,35.90,87.58,27.67
2023-10-02 17:07:56,24.30,36.30,87.58,27.70
2023-10-02 17:08:05,24.90,39.20,87.62,27.69
2023-10-02 17:08:26,24.30,36.20,87.53,27.71
2023-10-02 17:08:35,23.70,34.80,87.49,27.71
2023-10-02 17:08:45,23.90,35.80,87.55,27.70
2023-10-02 17:09:06,24.60,36.60,87.61,27.70
2023-10-02 17:09:16,24.50,35.70,87.55,27.72
2023-10-02 17:09:26,24.30,36.60,87.56,27.70
2023-10-02 17:09:36,24.50,36.60,87.54,27.72
2023-10-02 17:09:56,24.50,35.80,87.55,27.69
2023-10-02 17:10:06,24.60,36.80,87.54,27.72
2023-10-02 17:10:16,24.60,37.00,87.59,27.66
2023-10-02 17:10:27,24.90,37.70,87.64,27.67
2023-10-02 17:10:46,24.50,36.10,87.56,27.67
2023-10-02 17:10:56,24.20,36.90,87.52,27.68
2023-10-02 17:11:06,24.20,36.80,87.62,27.67
2023-10-02 17:11:16,24.30,37.30,87.68,27.66
2023-10-02 17:11:36,24.50,36.10,87.65,27.67
2023-10-02 17:11:46,24.50,36.70,87.64,27.66
2023-10-02 17:11:57,24.80,36.80,87.70,27.67
2023-10-02 17:12:06,24.90,36.80,87.77,27.64
2023-10-02 17:12:27,24.30,34.50,87.76,27.64
2023-10-02 17:12:37,24.00,34.50,87.79,27.63
2023-10-02 17:12:47,24.10,36.20,87.83,27.60
2023-10-02 17:13:07,24.40,35.50,87.77,27.63
2023-10-02 17:13:17,24.90,33.60,87.82,27.61
2023-10-02 17:13:27,25.10,36.40,87.84,27.61
2023-10-02 17:13:37,24.80,37.30,87.85,27.60
2023-10-02 17:13:58,24.30,36.80,87.89,27.60
2023-10-02 17:14:07,24.30,37.30,87.84,27.62
2023-10-02 17:14:17,24.00,37.80,87.85,27.60
2023-10-02 17:14:28,23.60,38.80,87.85,27.60
2023-10-02 17:14:48,23.50,38.00,87.88,27.62
2023-10-02 17:14:58,23.50,36.90,87.84,27.61
2023-10-02 17:15:07,23.50,37.00,87.82,27.62
2023-10-02 17:15:18,24.10,38.00,87.84,27.62
2023-10-02 17:15:28,24.20,35.70,87.79,27.63
2023-10-02 17:15:48,23.90,34.50,87.88,27.60
2023-10-02 17:15:58,24.20,34.70,87.92,27.58
2023-10-02 18:05:24,24.50,34.20,87.76,27.49
2023-10-02 18:05:46,24.70,34.40,87.78,27.49
2023-10-02 18:05:54,24.70,35.10,87.71,27.47
2023-10-02 18:06:04,24.60,35.40,87.73,27.45
2023-10-02 18:06:17,24.70,35.40,87.73,27.47
2023-10-02 18:06:34,24.70,35.90,87.74,27.45
2023-10-02 18:06:45,24.70,36.10,87.71,27.47
2023-10-02 18:06:54,24.70,36.60,87.69,27.46
2023-10-02 18:07:04,24.60,34.70,87.70,27.46
2023-10-02 18:07:15,24.30,33.60,87.68,27.48
2023-10-02 18:07:25,24.60,33.60,87.67,27.49
2023-10-02 18:07:45,25.20,36.20,87.64,27.48
2023-10-02 18:07:55,25.00,36.50,87.69,27.48
2023-10-02 18:08:05,24.80,36.40,87.66,27.48
2023-10-02 18:08:15,24.20,34.60,87.60,27.48
2023-10-02 18:08:25,23.80,33.50,87.54,27.49
2023-10-02 18:08:35,24.00,35.30,87.53,27.49
2023-10-02 18:08:55,23.90,34.80,87.64,27.48
2023-10-02 18:09:05,23.50,32.10,87.69,27.45
2023-10-02 18:09:15,23.50,32.50,87.66,27.48
2023-10-02 18:09:25,23.90,34.20,87.63,27.48
2023-10-02 18:09:35,24.60,37.00,87.62,27.49
2023-10-02 18:09:55,24.60,36.40,87.59,27.51
2023-10-02 18:10:05,24.10,35.40,87.58,27.50
2023-10-02 18:10:16,24.10,35.40,87.56,27.52
2023-10-02 18:10:25,24.10,35.10,87.51,27.51
2023-10-02 18:16:00,25.10,38.00,87.19,27.60
2023-10-02 18:16:10,25.10,37.20,87.22,27.60
2023-10-02 18:16:20,25.10,36.10,87.28,27.59
2023-10-02 18:16:30,25.00,37.90,87.31,27.58
2023-10-02 18:16:50,24.60,37.80,87.32,27.57
2023-10-02 18:17:00,24.30,35.90,87.30,27.59
2023-10-02 18:17:11,24.70,36.10,87.29,27.60
2023-10-02 18:17:30,24.30,37.10,87.30,27.59
2023-10-02 18:17:41,23.90,35.10,87.30,27.59
2023-10-02 18:17:51,23.60,37.00,87.29,27.60
2023-10-02 18:18:12,24.00,37.60,87.17,27.61
2023-10-02 18:18:21,24.00,36.40,87.15,27.64
2023-10-02 18:18:31,24.10,34.90,87.06,27.65
2023-10-02 18:18:41,24.30,34.30,87.08,27.64
2023-10-02 18:19:01,24.80,33.80,87.14,27.60
2023-10-02 18:19:11,24.90,34.70,87.09,27.61
2023-10-02 18:19:21,24.30,33.90,87.14,27.62
2023-10-02 18:19:31,24.10,35.10,87.18,27.62
2023-10-02 18:19:51,23.90,35.80,87.10,27.61
2023-10-02 18:20:01,23.40,34.50,87.17,27.60
2023-10-02 18:20:12,24.00,34.90,87.15,27.61
2023-10-02 18:20:32,24.40,35.20,87.12,27.62
2023-10-02 18:20:42,24.10,34.60,87.12,27.62
2023-10-02 18:20:52,23.80,34.60,87.14,27.63
2023-10-02 18:27:04,24.60,36.10,87.04,27.62
2023-10-02 18:27:24,23.90,36.00,87.07,27.61
2023-10-02 18:27:34,23.60,35.40,87.05,27.64
2023-10-02 18:27:44,24.10,34.90,87.02,27.64
2023-10-02 18:28:04,25.00,33.80,87.08,27.62
2023-10-02 18:28:14,25.00,34.70,87.10,27.63
2023-10-02 18:28:24,24.60,33.50,87.12,27.62
2023-10-02 18:28:34,24.60,34.30,87.16,27.62
2023-10-02 18:29:08,24.30,35.60,87.22,27.59
2023-10-02 18:29:14,24.30,35.30,87.24,27.60
2023-10-02 18:29:35,24.10,37.00,87.32,27.60
2023-10-02 18:29:45,23.90,35.90,87.23,27.63
2023-10-02 18:29:54,23.20,34.10,87.21,27.62
2023-10-02 18:30:05,23.50,33.30,87.21,27.64
2023-10-02 18:30:15,23.80,35.00,87.12,27.64
2023-10-02 18:30:15,23.80,35.00,87.12,27.64
2023-10-02 18:30:15,23.80,35.00,87.12,27.64
2023-10-02 18:30:15,23.80,35.00,87.12,27.64
2023-10-02 18:30:15,23.80,35.00,87.12,27.64
2023-10-02 18:31:05,26.70,40.00,80.68,25.80
2023-10-02 18:32:05,27.40,41.00,70.68,25.80
2023-10-02 18:34:45,27.80,38.00,75.58,25.80
2023-10-02 18:35:35,26.70,37.00,74.58,26.94
2023-10-02 18:36:12,28.70,40.00,75.58,27.60
2023-10-02 18:37:64,24.70,40.00,70.58,25.80
2023-10-02 18:38:64,25.80,45.00,75.58,25.80
2023-10-02 18:39:64,26.00,45.00,75.58,25.80
2023-10-02 18:40:64,26.70,40.00,75.58,25.80
2023-10-02 18:41:64,26.70,40.00,75.58,25.80
2023-10-02 18:42:64,26.70,40.00,75.58,25.80
2023-10-02 18:55:64,27.70,41.00,77.58,25.80
2023-10-02 18:57:05,26.70,45.00,86.68,27.80
2023-10-02 18:57:15,26.40,43.10,86.65,27.80
2023-10-02 18:57:25,26.80,45.40,86.65,27.80
2023-10-02 18:57:46,27.50,46.70,86.68,27.82
2023-10-02 18:57:55,27.40,47.00,86.64,27.82
2023-10-02 18:58:05,27.20,44.50,86.57,27.81
2023-10-02 18:58:16,27.20,45.40,86.59,27.79
2023-10-02 18:58:35,27.40,47.40,86.68,27.80
2023-10-02 18:58:46,27.70,46.80,86.68,27.80
2023-10-02 18:58:55,27.70,43.90,86.66,27.78
2023-10-02 18:59:05,27.40,43.90,86.67,27.79
2023-10-02 18:59:26,27.50,48.10,86.69,27.78
2023-10-02 18:59:36,27.80,48.60,86.68,27.79
2023-10-02 18:59:46,27.70,46.60,86.69,27.76
2023-10-02 18:59:56,27.40,43.50,86.68,27.76
2023-10-02 19:00:16,27.40,42.80,86.70,27.78
2023-10-02 19:00:26,27.50,43.90,86.74,27.77
2023-10-02 19:00:36,27.40,41.50,86.78,27.78
2023-10-02 19:00:56,27.00,41.10,86.66,27.79
2023-10-02 19:01:06,26.70,41.60,86.68,27.79
2023-10-02 19:01:16,26.90,42.80,86.69,27.78
2023-10-02 19:01:26,27.20,44.80,86.69,27.77
2023-10-02 19:01:47,27.50,43.60,86.75,27.75
2023-10-02 19:01:56,27.60,42.80,86.75,27.71
2023-10-02 19:02:06,27.90,43.50,86.80,27.72
2023-10-02 19:02:17,27.90,44.70,86.83,27.72
2023-10-02 19:02:37,27.20,42.40,86.90,27.72
2023-10-02 19:02:47,26.90,40.20,86.79,27.68
2023-10-02 19:02:57,27.10,41.10,86.89,27.67
2023-10-02 19:03:07,27.20,41.90,86.94,27.67
2023-10-02 19:03:27,26.90,41.70,86.94,27.66
2023-10-02 19:03:37,26.60,39.80,86.89,27.64
2023-10-02 19:03:47,26.50,41.20,86.93,27.66
2023-10-02 19:04:08,27.10,43.90,87.01,27.63
2023-10-02 19:04:17,26.90,41.00,87.06,27.60
2023-10-02 19:04:27,26.80,41.80,87.10,27.59
2023-10-02 19:08:39,26.80,38.40,87.30,27.55
2023-10-02 19:09:02,27.20,40.10,86.94,27.69
2023-10-02 19:09:10,27.40,41.70,86.66,27.73
2023-10-02 19:09:19,27.10,40.40,86.38,27.77
2023-10-02 19:09:39,27.50,42.20,86.01,27.83
2023-10-02 19:09:49,27.70,43.60,85.89,27.88
2023-10-02 19:09:59,27.70,43.20,85.78,27.88
2023-10-02 19:10:09,27.30,42.20,85.70,27.91
2023-10-02 19:10:29,27.20,39.00,85.48,27.95
2023-10-02 19:10:39,27.80,39.20,85.42,27.97
2023-10-02 19:10:50,27.80,41.40,85.36,27.99
2023-10-02 19:10:59,28.10,42.50,85.35,28.00
2023-10-02 19:11:20,28.20,41.00,85.28,28.00
2023-10-02 19:11:30,27.90,40.90,85.23,28.02
2023-10-02 19:11:40,28.10,40.90,85.07,28.01
2023-10-02 19:11:50,28.30,41.10,85.06,28.01
2023-10-02 19:13:20,27.00,41.00,84.79,28.19
2023-10-02 19:13:30,27.30,42.30,84.61,28.22
2023-10-02 19:13:40,27.10,41.20,84.48,28.24
2023-10-02 19:14:00,27.20,41.00,84.21,28.29
2023-10-02 19:14:10,27.60,42.10,84.21,28.29
2023-10-02 19:14:21,27.80,44.50,84.21,28.29
2023-10-02 19:14:41,28.70,45.00,83.66,28.40
2023-10-02 19:14:51,28.50,42.10,83.66,28.40
2023-10-02 19:15:01,28.40,42.20,83.66,28.40
2023-10-02 19:15:11,28.30,43.20,83.66,28.42
2023-10-02 19:15:31,28.80,45.50,84.24,28.42
2023-10-02 19:15:41,28.70,44.30,83.65,28.27
2023-10-02 19:15:51,28.80,43.90,83.98,27.96
2023-10-02 19:16:01,28.70,43.10,83.98,27.96
2023-10-02 19:16:01,28.70,43.10,83.98,27.96
2023-10-02 19:16:01,28.70,43.10,83.98,27.96
2023-10-02 19:16:01,28.70,43.10,83.98,27.96
2023-10-02 19:16:01,28.70,43.10,83.98,27.96
2023-10-02 19:16:01,28.70,43.10,83.98,27.96
2023-10-02 19:16:01,28.70,43.10,83.98,27.96
2023-10-02 19:19:46,33.80,52.90,90.16,26.44
2023-10-02 19:19:56,34.10,52.10,89.86,26.48
2023-10-02 19:20:16,34.50,54.40,89.85,26.51
2023-10-02 19:20:26,34.20,52.80,89.77,26.54
2023-10-02 19:20:36,34.40,51.90,89.70,26.55
2023-10-02 19:20:56,34.00,52.00,89.60,26.64
2023-10-02 19:21:09,33.10,49.70,89.50,26.65
2023-10-02 19:21:26,32.60,46.60,89.36,26.71
2023-10-02 19:21:37,32.80,48.30,89.21,26.73
2023-10-02 19:21:57,32.90,53.60,89.11,26.74
2023-10-02 19:22:07,32.90,52.30,89.02,26.75
2023-10-02 19:22:17,33.70,50.80,88.84,26.71
2023-10-02 19:22:27,34.10,50.20,88.92,26.68
2023-10-02 19:22:47,34.00,49.80,89.18,26.68
2023-10-02 19:22:57,33.60,49.60,89.20,26.69
2023-10-02 19:23:08,33.80,50.60,89.11,26.63
2023-10-02 19:23:27,34.30,50.40,89.23,26.56
2023-10-02 19:23:47,34.40,53.40,89.61,26.60
2023-10-02 19:23:57,34.30,54.40,89.64,26.64
2023-10-02 19:24:17,34.00,50.70,89.52,26.65
2023-10-02 19:24:27,33.60,48.10,89.47,26.68
2023-10-02 19:24:38,33.40,47.70,89.38,26.70
2023-10-02 19:24:47,33.40,48.30,89.30,26.72
2023-10-02 19:24:58,33.60,49.70,89.28,26.71
2023-10-02 19:25:18,34.20,52.30,89.24,26.73
2023-10-02 19:25:28,34.20,54.60,89.26,26.75
2023-10-02 19:25:38,34.00,53.60,89.31,26.76
2023-10-02 19:25:48,33.90,53.10,89.29,26.79
2023-10-02 19:26:09,33.30,48.60,89.17,26.86
2023-10-02 19:26:18,32.80,48.10,89.06,26.86
2023-10-02 19:26:28,32.70,49.00,88.92,26.86
2023-10-02 19:26:38,32.90,50.70,88.85,26.85
2023-10-02 19:26:58,34.60,53.20,88.81,26.76
2023-10-02 19:27:09,35.00,52.50,89.03,26.75
2023-10-02 19:27:20,34.70,52.10,89.11,26.76
2023-10-02 19:27:28,34.50,52.20,89.10,26.75
2023-10-02 19:27:48,34.40,53.30,89.21,26.68
2023-10-02 19:27:59,34.20,52.20,89.29,26.67
2023-10-02 19:28:09,34.00,52.90,89.43,26.69
2023-10-02 19:28:19,34.00,52.10,89.45,26.67
2023-10-02 19:28:29,34.10,53.70,89.58,26.72
2023-10-02 19:28:49,33.90,53.50,89.50,26.73
2023-10-02 19:28:59,33.70,51.70,89.44,26.73
2023-10-02 19:29:09,34.50,51.80,89.25,26.68
2023-10-02 19:29:30,34.60,52.10,89.52,26.66
2023-10-02 19:29:40,33.90,51.40,89.61,26.68
2023-10-02 19:29:49,34.00,50.80,89.64,26.69
2023-10-02 19:29:59,34.20,50.70,89.63,26.70
2023-10-02 19:30:19,34.60,51.90,89.58,26.75
2023-10-02 19:30:30,34.50,51.50,89.48,26.74
2023-10-02 19:30:40,34.20,50.10,89.49,26.77
2023-10-02 19:31:00,33.80,50.70,89.42,26.78
2023-10-02 19:31:10,33.70,50.90,89.42,26.81
2023-10-02 19:31:20,33.70,53.20,89.41,26.82
2023-10-02 19:31:40,33.50,51.70,89.27,26.88
2023-10-02 19:31:50,33.20,51.30,89.13,26.88
2023-10-02 19:32:00,33.30,52.10,88.88,26.84
2023-10-02 19:32:20,35.30,53.20,89.22,26.71
2023-10-02 19:32:30,35.40,53.10,89.44,26.72
2023-10-02 19:32:40,35.20,53.50,89.50,26.73
2023-10-02 19:32:50,34.50,52.30,89.47,26.72
2023-10-02 19:33:00,35.10,53.60,89.26,26.69
2023-10-02 19:33:21,35.00,53.60,89.62,26.69
2023-10-02 19:33:30,34.80,53.90,89.59,26.70
2023-10-02 19:33:41,35.20,52.70,89.48,26.66
2023-10-02 19:33:50,35.40,53.40,89.64,26.64
2023-10-02 19:34:11,34.30,52.50,89.66,26.65
2023-10-02 19:34:21,34.50,51.40,89.69,26.65
2023-10-02 19:34:31,34.80,53.30,89.72,26.65
2023-10-02 19:34:51,34.60,54.10,89.83,26.67
2023-10-02 19:35:01,34.50,52.00,89.73,26.67
2023-10-02 19:35:11,34.10,51.80,89.79,26.68
2023-10-02 19:35:23,34.10,52.10,90.38,26.76
2023-10-02 19:35:31,34.10,55.10,90.14,27.03
2023-10-02 19:35:51,33.60,52.50,88.63,26.95
2023-10-02 19:36:01,34.10,52.00,88.77,26.90
2023-10-02 19:36:11,34.60,53.40,88.92,26.89
2023-10-02 19:36:21,34.80,54.40,88.97,26.88
2023-10-02 19:36:31,34.60,53.70,88.96,26.83
2023-10-02 19:36:51,34.80,53.60,89.27,26.77
2023-10-02 19:37:01,34.50,53.70,89.28,26.73
2023-10-02 19:37:12,35.10,53.50,89.20,26.70
2023-10-02 19:37:22,35.60,55.30,89.43,26.65
2023-10-02 19:37:32,36.00,55.60,89.62,26.65
2023-10-02 19:37:42,35.50,55.30,89.60,26.62
2023-10-02 19:38:02,35.90,56.00,89.86,26.57
2023-10-02 19:38:12,36.50,59.20,89.81,26.55
2023-10-02 19:38:22,36.60,57.80,89.94,26.49
2023-10-02 19:38:32,36.70,59.10,90.19,26.48
2023-10-02 19:38:42,36.40,57.50,90.31,26.52
2023-10-02 19:39:02,35.60,52.00,90.29,26.57
2023-10-02 19:39:13,35.60,51.20,90.23,26.59
2023-10-02 19:39:22,35.80,51.40,90.18,26.61
2023-10-02 19:39:32,35.80,50.80,90.09,26.68
2023-10-02 19:39:43,35.10,51.30,90.02,26.70
2023-10-02 19:40:02,34.00,52.10,89.82,26.73
2023-10-02 19:40:13,34.20,54.30,89.68,26.73
2023-10-02 19:40:23,34.60,56.40,89.65,26.75
2023-10-02 19:40:33,34.90,55.00,89.60,26.77
2023-10-02 19:40:43,34.70,52.20,89.52,26.78
2023-10-02 19:41:03,34.20,51.20,89.54,26.78
2023-10-02 19:41:13,34.50,51.20,89.51,26.83
2023-10-02 19:41:23,34.50,52.30,89.15,26.76
2023-10-02 19:41:33,35.40,56.90,89.39,26.70
2023-10-02 19:41:43,35.90,57.90,89.62,26.69
2023-10-02 19:42:03,36.30,55.10,89.69,26.63
2023-10-02 19:42:13,36.60,56.00,89.85,26.61
2023-10-02 19:42:23,36.80,56.50,89.85,26.55
2023-10-02 19:42:33,36.60,57.10,90.07,26.52
2023-10-02 19:42:44,36.40,58.70,90.26,26.55
2023-10-02 19:43:03,36.10,56.40,90.30,26.55
2023-10-02 19:43:14,36.20,57.30,90.34,26.55
2023-10-02 19:43:24,36.90,57.20,90.37,26.56
2023-10-02 19:43:34,36.40,56.30,90.26,26.54
2023-10-02 19:43:44,36.80,56.40,90.35,26.51
2023-10-02 19:44:04,36.30,56.10,90.46,26.56
2023-10-02 19:44:14,35.30,54.80,90.37,26.62
2023-10-02 19:44:24,34.80,52.90,90.16,26.62
2023-10-02 19:44:34,35.00,54.10,90.17,26.64
2023-10-02 19:44:44,35.90,54.70,90.11,26.65
2023-10-02 19:45:04,35.40,54.80,90.02,26.69
2023-10-02 19:45:15,34.80,54.60,89.95,26.71
2023-10-02 19:45:24,35.20,55.20,89.94,26.73
2023-10-02 19:45:34,35.40,56.10,89.91,26.74
2023-10-02 19:45:45,35.50,55.10,89.90,26.75
2023-10-02 19:46:05,35.40,54.10,89.78,26.77
2023-10-02 19:46:25,36.50,57.00,89.70,26.75
2023-10-02 19:46:35,36.80,58.00,89.71,26.73
2023-10-02 19:46:45,36.40,56.50,89.84,26.73
2023-10-02 19:46:55,36.30,56.30,89.87,26.73
2023-10-02 19:47:16,35.90,57.70,89.90,26.81
2023-10-02 19:47:25,35.50,56.10,89.89,26.83
2023-10-02 19:47:35,34.90,54.50,89.64,26.79
2023-10-02 19:47:45,34.90,54.00,89.57,26.75
2023-10-02 19:48:05,35.80,55.60,90.02,26.75
2023-10-02 19:48:16,36.00,56.80,90.07,26.77
2023-10-02 19:48:26,35.70,58.20,89.99,26.77
2023-10-02 19:48:46,35.70,55.70,89.85,26.79
2023-10-02 19:48:55,36.00,55.00,89.71,26.73
2023-10-02 19:49:05,36.40,53.70,89.84,26.74
2023-10-02 19:49:16,36.60,52.00,89.83,26.71
2023-10-02 19:49:26,36.20,53.20,89.83,26.67
2023-10-02 19:49:46,36.30,56.10,90.26,26.61
2023-10-02 19:49:56,36.80,56.00,90.46,26.58
2023-10-02 19:50:07,36.60,57.10,90.53,26.64
2023-10-02 19:50:16,36.40,57.30,90.55,26.68
2023-10-02 19:50:26,35.80,57.80,90.47,26.71
2023-10-02 19:50:46,35.70,54.30,90.21,26.71
2023-10-02 19:50:56,36.10,54.40,90.23,26.72
2023-10-02 19:51:06,36.30,57.00,90.28,26.75
2023-10-02 19:51:17,36.20,57.90,90.14,26.78
2023-10-02 19:51:36,35.80,55.20,90.11,26.81
2023-10-02 19:51:47,35.30,53.90,89.93,26.77
2023-10-02 19:51:56,35.70,54.80,89.85,26.76
2023-10-02 19:52:06,35.80,57.40,89.96,26.75
2023-10-02 19:52:17,36.40,57.80,90.08,26.78
2023-10-02 19:52:37,36.50,53.60,90.10,26.84
2023-10-02 19:52:47,36.20,53.00,90.00,26.86
2023-10-02 19:52:57,35.50,51.50,89.94,26.88
2023-10-02 19:53:07,35.40,52.10,89.91,26.88
2023-10-02 19:53:17,35.50,55.20,89.87,26.89
2023-10-02 19:53:37,36.00,56.70,89.73,26.86
2023-10-02 19:53:49,36.20,55.30,89.84,26.85
2023-10-02 19:53:57,36.40,57.20,89.67,26.80
2023-10-02 19:54:07,36.70,59.80,89.68,26.74
2023-10-02 19:54:27,36.80,59.30,90.12,26.70
2023-10-02 19:54:37,37.10,58.80,90.27,26.71
2023-10-02 19:54:48,36.80,57.00,90.34,26.71
2023-10-02 19:54:57,36.80,57.70,90.35,26.71
2023-10-02 19:55:07,36.40,56.00,90.39,26.73
2023-10-02 19:55:27,36.30,56.60,90.40,26.78
2023-10-02 19:55:38,35.90,55.50,90.31,26.79
2023-10-02 19:55:48,35.40,53.80,90.07,26.77
2023-10-02 19:55:58,36.00,52.80,90.09,26.74
2023-10-02 19:56:08,36.70,54.00,90.28,26.72
2023-10-02 19:56:28,36.40,57.10,90.40,26.76
2023-10-02 19:56:38,35.60,58.10,90.44,26.78
2023-10-02 19:56:48,35.70,58.00,90.35,26.79
2023-10-02 19:56:58,35.90,57.10,90.31,26.80
2023-10-02 19:57:08,36.30,56.90,90.27,26.81
2023-10-02 19:57:28,35.70,56.10,90.15,26.84
2023-10-02 19:57:38,35.60,54.70,90.25,26.86
2023-10-02 19:57:49,35.70,53.30,90.17,26.91
2023-10-02 19:57:58,35.10,51.90,90.01,26.90
2023-10-02 19:58:19,35.80,54.40,89.71,26.85
2023-10-02 19:58:29,36.20,58.20,89.93,26.84
2023-10-02 19:58:39,36.30,56.90,90.07,26.83
2023-10-02 19:58:49,36.00,57.30,89.87,26.77
2023-10-02 19:58:59,36.20,55.60,89.91,26.75
2023-10-02 19:59:19,37.00,58.30,90.33,26.72
2023-10-02 19:59:29,37.00,57.80,90.37,26.72
2023-10-02 19:59:39,36.70,59.30,90.48,26.74
2023-10-02 19:59:49,36.50,55.70,90.46,26.77
2023-10-02 20:00:09,35.80,53.30,90.30,26.75
2023-10-02 20:00:19,36.40,54.60,90.38,26.77
2023-10-02 20:00:29,36.40,56.00,90.38,26.78
2023-10-02 20:00:39,36.50,57.30,90.39,26.79
2023-10-02 20:00:50,35.80,56.50,90.42,26.79
2023-10-02 20:01:10,35.70,54.10,90.37,26.85
2023-10-02 20:01:20,36.00,54.60,90.28,26.89
2023-10-02 20:01:29,35.70,56.00,90.17,26.87
2023-10-02 20:01:40,36.20,56.00,90.17,26.87
2023-10-02 20:01:50,36.10,56.40,90.15,26.87
2023-10-02 20:02:10,36.60,57.90,90.12,26.86
2023-10-02 20:02:20,36.50,59.90,90.15,26.87
2023-10-02 20:02:30,36.50,61.00,90.11,26.85
2023-10-02 20:02:40,35.70,57.60,90.17,26.87
2023-10-02 20:03:00,36.10,55.60,90.11,26.82
2023-10-02 20:03:10,36.80,55.80,90.10,26.82
2023-10-02 20:03:21,36.90,57.80,90.16,26.80
2023-10-02 20:03:30,37.40,57.10,90.20,26.76
2023-10-02 20:03:51,36.30,56.50,90.42,26.76
2023-10-02 20:04:00,35.70,56.30,90.41,26.79
2023-10-02 20:04:10,36.10,58.20,90.29,26.76
2023-10-02 20:04:21,35.80,57.40,90.22,26.75
2023-10-02 20:09:32,40.60,59.10,92.82,26.11
2023-10-02 20:09:55,39.50,58.00,92.22,26.21
2023-10-02 20:10:02,40.00,62.20,92.03,26.17
2023-10-02 20:10:12,40.20,63.00,92.18,26.16
2023-10-02 20:10:23,39.90,63.20,92.29,26.15
2023-10-02 20:10:43,39.90,61.90,92.35,26.16
2023-10-02 20:10:53,40.90,66.20,92.32,26.18
2023-10-02 20:11:03,40.50,66.30,92.37,26.21
2023-10-02 20:11:13,40.20,66.30,92.30,26.31
2023-10-02 20:11:23,38.60,61.80,91.95,26.32
2023-10-02 20:11:43,39.90,62.50,91.91,26.16
2023-10-02 20:11:53,40.70,62.50,92.13,26.19
2023-10-02 20:12:03,40.40,63.50,92.06,26.14
2023-10-02 20:12:13,40.50,62.40,92.10,26.13
2023-10-02 20:12:33,42.10,64.70,93.04,25.80
2023-10-02 20:12:43,42.30,67.80,93.24,25.83
2023-10-02 20:13:05,42.00,68.60,93.14,25.90
2023-10-02 20:13:13,41.80,66.30,93.27,25.77
2023-10-02 20:13:34,43.80,71.00,93.58,25.77
2023-10-02 20:13:44,43.80,72.00,93.46,25.83
2023-10-02 20:14:04,43.00,67.80,93.45,25.87
2023-10-02 20:14:26,42.70,66.00,93.22,25.87
2023-10-02 20:14:34,42.40,67.40,93.31,25.86
2023-10-02 20:14:54,41.60,66.20,93.20,25.96
2023-10-02 20:16:16,39.80,60.40,92.22,26.25
2023-10-02 20:16:36,39.20,61.10,91.85,26.35
2023-10-02 20:16:56,39.50,63.30,91.58,26.40
2023-10-02 20:17:05,39.20,63.50,91.51,26.41
2023-10-02 20:17:25,38.60,60.30,91.22,26.40
2023-10-02 20:17:46,39.30,59.00,91.34,26.39
2023-10-02 20:17:55,39.90,59.90,91.37,26.42
2023-10-02 20:18:15,39.60,63.60,91.31,26.44
2023-10-02 20:18:26,38.80,62.10,91.26,26.46
2023-10-02 20:18:45,39.10,60.60,91.18,26.45
2023-10-02 20:18:56,39.30,60.70,91.14,26.45
2023-10-02 20:19:15,38.10,62.00,91.12,26.46
2023-10-02 20:19:26,38.20,62.70,91.12,26.45
2023-10-02 20:19:45,38.60,66.20,91.14,26.50
2023-10-02 20:20:06,37.70,63.50,90.95,26.54
2023-10-02 20:20:16,37.80,59.50,90.93,26.51
2023-10-02 20:20:26,38.40,60.00,90.94,26.47
2023-10-02 20:20:46,38.20,60.40,90.96,26.52
2023-10-02 20:21:06,37.30,59.10,90.86,26.55
2023-10-02 20:21:29,37.00,58.10,90.79,26.61
2023-10-02 20:21:48,36.80,60.00,90.54,26.64
2023-10-02 20:22:07,36.70,60.10,90.40,26.64
2023-10-02 20:22:16,37.20,59.60,90.34,26.51
2023-10-02 20:22:37,39.30,60.40,91.02,26.39
2023-10-02 20:22:46,39.20,59.90,91.22,26.39
2023-10-02 20:23:08,37.70,59.60,91.38,26.41
2023-10-02 20:23:17,37.00,60.90,91.31,26.46
2023-10-02 20:23:37,36.50,57.60,91.08,26.47
2023-10-02 20:23:47,37.40,57.50,90.99,26.41
2023-10-02 20:24:07,38.80,60.20,91.32,26.31
2023-10-02 20:24:17,38.70,60.50,91.50,26.31
2023-10-02 20:24:37,38.30,63.20,91.45,26.32
2023-10-02 20:25:00,39.70,62.50,91.64,26.18
2023-10-02 20:25:18,40.30,63.80,92.05,26.16
2023-10-02 20:25:47,38.50,61.40,91.91,26.30
2023-10-02 20:26:09,38.50,60.20,91.62,26.27
2023-10-02 20:26:18,38.70,61.20,91.71,26.26
2023-10-02 20:26:28,39.00,61.70,91.85,26.28
2023-10-02 20:26:38,39.40,63.80,91.76,26.25
2023-10-02 20:26:48,40.10,62.90,91.82,26.22
2023-10-02 20:27:08,39.30,59.60,91.87,26.28
2023-10-02 20:27:18,38.30,59.40,91.79,26.25
2023-10-02 20:27:28,38.20,60.10,91.92,26.24
2023-10-02 20:27:48,38.50,62.90,91.88,26.27
2023-10-02 20:27:59,38.70,61.90,91.89,26.26
2023-10-02 20:28:09,39.10,64.50,91.96,26.20
2023-10-02 20:28:29,39.70,67.30,92.11,26.16
2023-10-02 20:28:38,39.90,64.30,92.27,26.17
2023-10-02 20:28:48,39.10,64.30,92.34,26.22
2023-10-02 20:29:09,38.10,61.50,92.07,26.29
2023-10-02 20:29:19,37.60,59.90,91.92,26.35
2023-10-02 20:29:29,37.30,61.60,91.71,26.36
2023-10-02 20:29:39,37.70,62.00,91.67,26.34
2023-10-02 20:29:59,39.30,63.50,91.67,26.32
2023-10-02 20:36:51,36.50,54.00,91.17,26.50
2023-10-02 20:37:01,36.70,55.90,91.12,26.46
2023-10-02 20:37:11,37.30,58.10,91.22,26.45
2023-10-02 20:37:21,37.50,59.20,91.26,26.46
2023-10-02 20:37:41,37.40,55.30,91.26,26.47
2023-10-02 20:37:51,37.30,54.50,91.30,26.48
2023-10-02 20:38:02,37.30,56.10,91.28,26.51
2023-10-02 20:38:12,36.60,56.70,91.21,26.54
2023-10-02 20:38:22,36.00,57.30,91.13,26.56
2023-10-02 20:38:42,36.40,58.80,90.87,26.53
2023-10-02 20:38:52,36.90,59.90,90.96,26.56
2023-10-02 20:39:02,37.10,58.40,90.88,26.54
2023-10-02 20:39:12,36.70,59.30,90.81,26.55
2023-10-02 20:39:22,36.40,56.70,90.85,26.49
2023-10-02 20:39:42,36.70,55.80,91.08,26.51
2023-10-02 20:39:52,35.90,54.30,91.03,26.56
2023-10-02 20:40:03,36.30,55.00,90.92,26.55
2023-10-02 20:40:12,35.80,54.30,90.93,26.56
2023-10-02 20:40:22,35.90,56.90,90.91,26.56
2023-10-02 20:40:43,36.00,55.90,90.82,26.52
2023-10-02 20:40:52,36.80,56.00,90.89,26.50
2023-10-02 20:41:13,37.20,58.00,91.03,26.42
2023-10-02 20:41:23,37.30,60.00,91.11,26.40
2023-10-02 20:41:33,37.70,61.10,91.25,26.42
2023-10-02 20:41:53,36.90,61.00,91.20,26.44
2023-10-02 20:42:13,37.20,60.30,91.22,26.40
2023-10-02 20:42:23,37.50,59.10,91.24,26.42
2023-10-02 20:42:33,37.60,59.30,91.18,26.42
2023-10-02 20:42:53,37.30,62.20,91.18,26.42
2023-10-02 20:45:33,37.60,59.30,91.18,26.42
2023-10-02 20:42:38,37.60,59.30,91.18,26.42
2023-10-02 20:43:33,37.60,59.30,91.18,26.42
2023-10-02 20:52:53,37.60,59.80,86.84,27.37
2023-10-02 20:53:02,38.00,61.30,86.93,27.32
2023-10-02 20:53:12,37.80,63.70,87.04,27.27
2023-10-02 20:53:32,38.30,63.40,87.31,27.14
2023-10-02 20:53:42,38.40,63.80,87.52,27.12
2023-10-02 20:53:53,38.20,63.50,87.64,27.06
2023-10-02 20:54:03,37.80,62.60,87.74,27.02
2023-10-02 20:54:13,38.60,62.70,87.90,26.96
2023-10-02 20:54:33,40.00,61.30,88.28,26.89
2023-10-02 20:54:43,39.10,58.50,88.45,26.84
2023-10-02 20:54:53,38.30,58.50,88.60,26.82
2023-10-02 20:55:03,37.20,57.60,88.76,26.81
2023-10-02 20:55:13,37.30,60.00,88.88,26.79
2023-10-02 20:55:33,36.60,57.80,89.10,26.77
2023-10-02 20:55:44,36.30,56.80,89.14,26.78
2023-10-02 20:56:03,36.30,58.90,89.21,26.76
2023-10-02 20:56:13,36.60,59.30,89.24,26.74
2023-10-02 20:56:24,36.80,58.20,89.23,26.76
2023-10-02 20:56:33,36.50,58.90,89.26,26.75
2023-10-02 20:56:43,35.60,57.40,89.29,26.74
2023-10-02 20:57:04,35.10,55.20,89.35,26.76
2023-10-02 20:57:14,35.30,57.20,89.38,26.76
2023-10-02 20:57:24,35.30,61.30,89.40,26.77
2023-10-02 20:57:34,35.20,59.70,89.38,26.75
2023-10-02 20:57:44,34.70,57.80,89.41,26.76
2023-10-02 20:57:54,34.80,58.70,89.39,26.76
2023-10-02 20:58:14,34.70,62.50,89.32,26.78
2023-10-02 20:58:24,34.60,61.20,89.33,26.77
2023-10-02 20:59:04,34.90,59.90,89.27,26.77
2023-10-02 20:59:14,35.00,57.80,89.29,26.77
2023-10-02 20:59:25,35.20,56.20,89.27,26.77
2023-10-02 20:59:34,35.60,54.20,89.27,26.78
2023-10-02 20:59:55,35.00,53.60,89.25,26.77
2023-10-02 21:00:04,34.60,56.30,89.23,26.78
2023-10-02 21:00:15,35.10,58.60,89.25,26.78
2023-10-02 21:00:25,35.00,57.80,89.27,26.77
2023-10-02 21:00:35,35.00,57.00,89.26,26.78
2023-10-02 21:00:45,35.60,57.40,89.25,26.78
2023-10-02 21:01:05,35.60,57.30,89.28,26.77
2023-10-02 21:01:15,34.80,57.40,89.26,26.76
2023-10-02 21:01:25,34.90,54.50,89.27,26.78
2023-10-02 21:01:35,34.90,54.90,89.21,26.76
2023-10-02 21:01:45,35.80,55.60,89.25,26.78
2023-10-02 21:01:55,35.90,55.00,89.23,26.78
2023-10-02 21:02:15,35.60,56.30,89.24,26.77
2023-10-02 21:02:26,35.00,56.90,89.27,26.76
2023-10-02 21:02:35,34.90,57.80,89.28,26.77
2023-10-02 21:02:45,34.60,55.90,89.28,26.77
2023-10-02 21:02:56,34.90,54.90,89.27,26.78
2023-10-02 21:03:05,35.00,53.10,89.27,26.77
2023-10-02 21:03:26,35.50,58.10,89.22,26.76
2023-10-02 21:03:36,35.90,61.00,89.19,26.76
2023-10-02 21:03:46,35.90,61.40,89.22,26.76
2023-10-02 21:03:56,35.90,59.30,89.25,26.76
2023-10-02 21:04:06,36.20,58.40,89.21,26.74
2023-10-02 21:04:16,36.70,56.90,89.21,26.72
2023-10-02 21:04:36,37.60,59.50,89.22,26.70
2023-10-02 21:04:56,38.60,63.00,89.23,26.66
2023-10-02 21:05:06,38.20,61.60,89.37,26.67
2023-10-02 21:05:27,36.70,57.80,89.47,26.66
2023-10-02 21:05:36,35.70,58.00,89.55,26.69
2023-10-02 21:05:46,35.20,59.20,89.52,26.69
2023-10-02 21:05:57,35.10,57.70,89.49,26.71
2023-10-02 21:06:07,35.60,57.80,89.42,26.73
2023-10-02 21:06:17,35.70,57.50,89.40,26.73
2023-10-02 21:06:37,34.80,54.60,89.40,26.73
2023-10-02 21:06:47,34.90,54.50,89.38,26.73
2023-10-02 21:06:57,34.90,56.50,89.23,26.74
2023-10-02 21:07:07,35.10,55.30,89.25,26.73
2023-10-02 21:07:28,34.80,53.00,89.21,26.74
2023-10-02 21:07:37,34.40,54.10,89.22,26.76
2023-10-02 21:07:47,34.20,54.30,89.21,26.75
2023-10-02 21:07:57,34.00,55.60,89.23,26.75
2023-10-02 21:08:17,34.20,52.90,89.21,26.75
2023-10-02 21:08:28,33.90,53.40,89.22,26.75
2023-10-02 21:08:47,33.70,54.80,89.21,26.75
2023-10-02 21:08:58,33.80,55.90,89.22,26.75
2023-10-02 21:09:19,34.60,56.80,89.23,26.77
2023-10-02 21:09:39,34.10,57.30,89.23,26.76
2023-10-02 21:10:06,33.90,56.90,89.22,26.75
2023-10-02 21:10:19,34.20,56.40,89.18,26.74
2023-10-02 21:10:28,34.80,58.00,89.17,26.76
2023-10-02 21:11:29,35.40,58.80,89.19,26.73
2023-10-02 21:11:38,34.80,57.40,89.24,26.74
2023-10-02 21:11:48,34.60,58.20,89.27,26.74
2023-10-02 21:11:59,33.70,55.60,89.26,26.75
2023-10-02 21:12:08,34.30,55.40,89.21,26.73
2023-10-02 21:12:29,34.40,57.30,89.21,26.76
2023-10-02 21:12:39,34.20,55.10,89.20,26.75
2023-10-02 21:12:49,33.70,51.70,89.20,26.77
2023-10-02 21:12:59,34.00,51.90,89.17,26.75
2023-10-02 21:13:09,33.60,54.40,89.17,26.75
2023-10-02 21:13:29,34.70,56.20,89.12,26.75
2023-10-02 21:13:39,34.80,53.20,89.11,26.74
2023-10-02 21:13:49,34.50,52.40,89.15,26.74
2023-10-02 21:13:59,34.20,53.60,89.15,26.75
2023-10-02 21:14:09,34.40,56.60,89.16,26.75
2023-10-02 21:14:19,34.70,58.30,89.14,26.76
2023-10-02 21:14:39,33.90,53.20,89.16,26.76
2023-10-02 21:14:49,33.80,50.80,89.14,26.76
2023-10-02 21:15:00,33.70,51.20,89.16,26.78
2023-10-02 21:15:09,33.60,53.30,89.14,26.76
2023-10-02 21:15:20,33.20,52.70,89.13,26.77
2023-10-02 21:15:30,33.50,52.60,89.14,26.78
2023-10-02 21:15:50,33.70,55.40,89.12,26.78
2023-10-02 21:16:00,33.00,53.00,89.10,26.77
2023-10-02 21:16:10,33.20,50.40,89.08,26.77
2023-10-02 21:16:20,32.70,49.20,89.10,26.78
2023-10-02 23:01:44,29.40,51.20,89.36,26.23
2023-10-02 23:01:54,29.50,50.60,89.37,26.23
2023-10-02 23:02:05,29.90,51.40,89.37,26.22
2023-10-02 23:02:25,30.20,52.50,89.37,26.23
2023-10-02 23:02:35,29.80,50.50,89.38,26.24
2023-10-02 23:02:45,30.00,51.50,89.35,26.25
2023-10-02 23:02:55,30.00,52.10,89.32,26.23
2023-10-02 23:03:05,29.80,53.90,89.32,26.24
2023-10-02 23:03:25,29.50,54.20,89.32,26.24
2023-10-02 23:03:35,29.80,55.90,89.33,26.22
2023-10-02 23:03:45,29.90,58.30,89.36,26.21
2023-10-02 23:03:55,29.30,55.30,89.43,26.22
2023-10-02 23:04:15,29.80,54.60,89.42,26.23
2023-10-02 23:04:25,29.90,56.50,89.45,26.22
2023-10-02 23:04:36,29.60,53.40,89.44,26.24
2023-10-02 23:04:45,29.50,54.90,89.41,26.22
2023-10-02 23:04:55,29.50,54.40,89.35,26.22
2023-10-02 23:05:15,29.20,54.50,89.47,26.21
2023-10-02 23:05:25,29.40,51.50,89.49,26.21
2023-10-02 23:05:36,29.30,48.60,89.49,26.22
2023-10-02 23:05:46,29.30,48.90,89.45,26.22
2023-10-02 23:05:56,29.10,50.00,89.48,26.23
2023-10-02 23:06:16,29.10,51.30,89.37,26.22
2023-10-02 23:06:26,29.00,50.10,89.36,26.24
2023-10-02 23:06:36,28.90,48.90,89.34,26.24
2023-10-02 23:06:46,29.20,48.70,89.32,26.23
2023-10-02 23:06:56,29.40,51.50,89.28,26.22
2023-10-03 00:00:44,27.30,50.40,88.97,25.94
2023-10-03 00:00:54,27.30,48.30,89.00,25.92
2023-10-03 00:01:04,27.50,48.80,88.99,25.94
2023-10-03 00:01:25,27.50,56.40,89.02,25.93
2023-10-03 00:01:34,27.40,54.80,89.02,25.91
2023-10-03 00:01:44,27.50,52.70,89.05,25.92
2023-10-03 00:02:04,26.50,50.40,89.08,25.91
2023-10-03 00:02:14,26.20,50.50,89.12,25.92
2023-10-03 00:02:24,26.50,52.30,89.13,25.93
2023-10-03 00:02:34,26.90,51.90,89.07,25.93
2023-10-03 00:02:44,26.80,51.00,89.11,25.93
2023-10-03 00:03:04,25.40,47.80,89.11,25.95
2023-10-03 00:03:14,24.70,48.30,89.07,25.96
2023-10-03 00:03:25,25.20,50.80,89.02,25.97
2023-10-03 00:03:35,25.50,49.70,89.03,25.96
2023-10-03 00:03:45,25.90,51.10,89.00,25.98
2023-10-03 00:04:05,25.80,52.60,88.91,25.97
2023-10-03 00:04:15,26.00,52.30,88.86,25.97
2023-10-03 00:04:25,26.30,52.30,88.87,25.98
2023-10-03 00:04:35,26.40,51.20,88.83,25.97
2023-10-03 00:04:45,26.30,49.60,88.83,25.96
2023-10-03 00:05:05,26.10,51.70,88.86,25.95
2023-10-03 00:05:15,25.90,53.10,88.89,25.96
2023-10-03 00:05:26,25.60,48.20,88.93,25.95
2023-10-03 00:05:35,25.10,48.00,88.88,25.96
2023-10-03 00:05:45,25.00,47.00,88.88,25.95
2023-10-03 00:06:05,25.20,50.50,88.87,25.97
2023-10-03 01:00:23,26.10,46.90,88.17,25.84
2023-10-03 01:00:33,26.50,50.10,88.15,25.85
2023-10-03 01:00:53,26.60,51.50,88.10,25.87
2023-10-03 01:01:03,26.00,50.50,88.06,25.87
2023-10-03 01:01:14,26.30,50.00,88.07,25.89
2023-10-03 01:01:23,25.80,49.70,88.05,25.86
2023-10-03 01:01:45,26.10,50.90,88.05,25.88
2023-10-03 01:01:54,26.60,55.70,88.03,25.88
2023-10-03 01:02:04,26.30,57.20,88.05,25.89
2023-10-03 01:02:14,26.40,58.30,88.01,25.87
2023-10-03 01:02:34,26.40,51.80,87.99,25.87
2023-10-03 01:02:44,25.80,48.90,88.01,25.89
2023-10-03 01:02:54,26.00,50.90,87.95,25.88
2023-10-03 01:03:04,26.30,52.20,87.87,25.86
2023-10-03 01:03:14,27.30,54.30,87.95,25.87
2023-10-03 01:03:34,27.10,55.00,87.95,25.89
2023-10-03 01:03:45,26.60,54.10,88.00,25.85
2023-10-03 01:03:54,26.50,51.80,88.01,25.87
2023-10-03 01:04:04,25.80,51.80,87.99,25.87
2023-10-03 01:04:24,26.00,53.20,87.95,25.87
2023-10-03 01:04:34,26.80,51.60,87.91,25.87
2023-10-03 01:04:45,27.20,51.60,87.90,25.86
2023-10-03 01:04:55,27.80,51.40,87.89,25.84
2023-10-03 01:05:05,27.90,55.20,87.94,25.85
2023-10-03 01:05:25,27.90,54.70,87.97,25.84
2023-10-03 01:05:35,27.90,50.50,87.96,25.82
2023-10-03 01:05:45,28.30,51.50,87.99,25.80
2023-10-03 01:05:55,28.10,53.30,88.03,25.81
2023-10-03 01:06:15,26.80,51.20,88.11,25.80
2023-10-03 01:06:25,26.40,50.20,88.08,25.80
2023-10-03 01:06:35,26.70,53.70,88.06,25.80
2023-10-03 01:06:46,27.20,55.50,88.10,25.80
2023-10-03 01:07:06,27.20,52.80,88.10,25.80
2023-10-03 01:15:49,27.60,51.60,88.14,25.79
2023-10-03 01:15:58,27.60,51.90,88.16,25.79
2023-10-03 01:16:08,27.30,51.60,88.17,25.77
2023-10-03 01:16:19,27.20,54.60,88.15,25.79
2023-10-03 01:16:38,27.20,55.00,88.18,25.81
2023-10-03 01:16:49,27.30,52.40,88.13,25.79
2023-10-03 01:16:58,27.20,49.90,88.13,25.79
2023-10-03 01:17:09,27.40,52.20,88.14,25.81
2023-10-03 01:17:19,27.30,53.70,88.11,25.80
2023-10-03 01:17:29,27.70,55.30,88.06,25.79
2023-10-03 01:17:49,28.50,56.30,88.13,25.77
2023-10-03 01:17:59,28.20,52.20,88.15,25.79
2023-10-03 01:18:09,28.30,50.80,88.20,25.78
2023-10-03 01:18:19,27.80,52.30,88.19,25.77
2023-10-03 01:18:29,27.90,55.30,88.19,25.78
2023-10-03 01:18:39,27.80,55.80,88.20,25.78
2023-10-03 01:18:59,28.10,53.10,88.21,25.78
2023-10-03 01:19:09,27.30,51.50,88.22,25.79
2023-10-03 01:19:20,27.00,49.30,88.18,25.79
2023-10-03 01:19:29,27.30,50.10,88.11,25.78
2023-10-03 01:19:39,28.30,51.00,88.10,25.79
2023-10-03 01:19:50,28.50,55.20,88.07,25.76
2023-10-03 01:20:10,28.40,56.40,88.17,25.74
2023-10-03 01:20:20,28.60,55.20,88.18,25.73
2023-10-03 01:20:30,29.10,53.90,88.17,25.73
2023-10-03 01:20:40,28.30,52.80,88.21,25.75
2023-10-03 01:20:50,28.10,51.00,88.23,25.76
2023-10-03 01:48:09,32.30,58.40,88.34,25.70
2023-10-03 01:48:19,32.20,60.00,88.37,25.72
2023-10-03 01:48:29,32.00,63.10,88.38,25.69
2023-10-03 01:48:49,32.90,61.30,88.37,25.71
2023-10-03 01:48:59,33.50,61.40,88.41,25.71
2023-10-03 01:49:09,32.80,62.00,88.41,25.70
2023-10-03 01:49:19,33.20,63.90,88.42,25.71
2023-10-03 01:49:39,31.70,61.50,88.44,25.71
2023-10-03 01:49:49,31.10,59.90,88.43,25.69
2023-10-03 01:50:00,31.50,59.70,88.47,25.71
2023-10-03 01:50:09,31.80,57.30,88.46,25.70
2023-10-03 01:50:30,31.30,56.90,88.52,25.72
2023-10-03 01:50:40,31.50,58.90,88.48,25.71
2023-10-03 01:50:50,31.90,57.80,88.42,25.71
2023-10-03 01:51:00,32.30,57.40,88.38,25.70
2023-10-03 01:51:10,32.40,57.20,88.40,25.69
2023-10-03 01:51:30,32.20,61.50,88.43,25.70
2023-10-03 01:51:40,32.30,61.20,88.42,25.71
2023-10-03 01:51:50,32.00,59.50,88.44,25.71
2023-10-03 01:52:00,32.30,56.80,88.43,25.72
2023-10-03 01:52:20,30.90,57.40,88.49,25.73
2023-10-03 01:52:31,30.60,59.00,88.46,25.74
2023-10-03 01:52:40,30.90,60.70,88.44,25.73
2023-10-03 01:52:50,31.20,61.20,88.40,25.74
2023-10-03 01:53:01,31.00,59.20,88.40,25.75
2023-10-03 01:53:20,31.00,59.90,88.42,25.74
2023-10-03 01:53:31,31.60,62.60,88.45,25.75
2023-10-03 02:03:04,32.80,66.70,88.58,25.67
2023-10-03 02:03:24,31.60,62.30,88.57,25.70
2023-10-03 02:03:34,31.30,59.00,88.54,25.70
2023-10-03 02:03:44,30.70,58.10,88.55,25.74
2023-10-03 02:04:05,30.60,58.30,88.48,25.75
2023-10-03 02:04:14,30.80,57.30,88.47,25.75
2023-10-03 02:04:24,30.90,60.40,88.43,25.76
2023-10-03 02:04:45,30.70,58.50,88.37,25.74
2023-10-03 02:04:54,30.30,56.00,88.39,25.78
2023-10-03 02:05:05,30.60,58.50,88.40,25.77
2023-10-03 02:05:24,31.20,56.80,88.38,25.77
2023-10-03 02:05:35,31.00,58.70,88.39,25.77
2023-10-03 02:05:56,31.00,62.40,88.36,25.79
2023-10-03 02:06:05,31.20,61.30,88.36,25.77
2023-10-03 02:06:15,31.60,60.90,88.33,25.78
2023-10-03 02:06:36,32.50,63.30,88.25,25.76
2023-10-03 02:06:45,32.30,61.10,88.28,25.75
2023-10-03 02:06:55,32.10,57.90,88.32,25.76
2023-10-03 02:07:05,32.00,58.10,88.35,25.76
2023-10-03 02:07:25,32.30,59.20,88.36,25.75
2023-10-03 02:07:48,32.20,62.00,88.33,25.75
2023-10-03 02:07:55,33.00,64.00,88.34,25.74
2023-10-03 02:08:15,32.80,60.90,88.36,25.73
2023-10-03 02:08:25,32.90,59.50,88.35,25.71
2023-10-03 02:21:10,32.40,62.30,88.37,25.76
2023-10-03 02:21:20,32.40,61.10,88.37,25.77
2023-10-03 02:21:30,32.90,64.00,88.40,25.76
2023-10-03 02:21:50,32.60,65.70,88.43,25.79
2023-10-03 02:22:00,31.70,64.30,88.42,25.80
2023-10-03 02:22:10,31.20,59.50,88.39,25.80
2023-10-03 02:22:20,31.10,61.50,88.37,25.80
2023-10-03 02:22:40,30.70,62.00,88.31,25.83
2023-10-03 02:22:51,31.10,61.90,88.17,25.83
2023-10-03 02:23:11,32.30,64.20,88.13,25.83
2023-10-03 02:23:20,32.30,63.10,88.16,25.84
2023-10-03 02:23:30,32.00,63.90,88.14,25.84
2023-10-03 02:23:50,31.90,62.40,88.13,25.85
2023-10-03 02:24:00,32.30,62.10,88.10,25.83
2023-10-03 02:24:11,33.20,63.60,88.15,25.81
2023-10-03 02:24:31,33.30,67.30,88.18,25.80
2023-10-03 02:24:41,32.70,67.30,88.18,25.81
2023-10-03 02:24:51,32.70,66.60,88.18,25.82
2023-10-03 02:25:11,32.70,65.00,88.22,25.83
2023-10-03 02:25:21,32.70,65.80,88.24,25.81
2023-10-03 02:25:31,32.60,65.70,88.26,25.82
2023-10-03 02:25:51,32.40,62.80,88.33,25.82
2023-10-03 02:26:01,32.60,63.20,88.34,25.82
2023-10-03 02:26:22,32.40,60.90,88.32,25.81
2023-10-03 02:26:31,32.40,64.90,88.35,25.81
2023-10-03 03:01:03,32.10,64.00,87.40,25.88
2023-10-03 03:01:23,30.90,62.20,87.37,25.88
2023-10-03 03:01:33,30.90,63.00,87.38,25.90
2023-10-03 03:01:43,31.10,63.50,87.34,25.88
2023-10-03 03:01:53,32.20,67.50,87.34,25.90
2023-10-03 03:02:15,32.00,67.50,87.32,25.88
2023-10-03 03:02:23,31.90,66.10,87.35,25.88
2023-10-03 03:02:33,32.40,66.70,87.36,25.89
2023-10-03 03:02:43,32.50,66.00,87.36,25.87
2023-10-03 03:03:03,31.60,58.50,87.33,25.88
2023-10-03 03:03:13,30.90,57.80,87.31,25.86
2023-10-03 03:03:34,31.00,59.20,87.30,25.90
2023-10-03 03:03:43,31.30,60.80,87.28,25.89
2023-10-03 03:03:43,31.30,60.80,87.28,25.89
2023-10-03 03:03:43,31.30,60.80,87.28,25.89
2023-10-03 03:03:43,31.30,60.80,87.28,25.89
2023-10-03 03:04:27,31.80,63.70,87.26,25.87
2023-10-03 03:04:37,31.70,61.10,87.32,25.87
2023-10-03 03:04:58,30.70,61.60,87.18,25.85
2023-10-03 03:05:08,31.20,64.60,87.20,25.85
2023-10-03 03:05:18,31.60,61.80,87.24,25.87
2023-10-03 03:05:28,31.70,61.50,87.17,25.87
2023-10-03 03:05:38,31.80,60.20,87.15,25.86
2023-10-03 03:05:58,31.60,62.90,87.08,25.88
2023-10-03 03:06:08,31.50,62.00,87.09,25.89
2023-10-03 03:06:18,31.20,63.20,87.05,25.87
2023-10-03 03:06:28,31.40,63.50,87.03,25.88
2023-10-03 03:06:38,31.60,64.30,87.05,25.87
2023-10-03 03:06:58,32.50,62.40,87.12,25.88
2023-10-03 03:07:08,31.80,61.40,87.07,25.88
2023-10-03 03:07:19,31.60,60.90,87.09,25.89
2023-10-03 03:08:19,32.40,65.30,87.12,25.87
2023-10-03 03:08:29,32.40,67.80,87.23,25.89
2023-10-03 03:08:49,31.70,62.30,87.30,25.90
2023-10-03 03:08:59,32.00,62.50,87.29,25.89
2023-10-03 03:12:16,31.30,60.40,86.92,25.96
2023-10-03 03:12:27,31.30,57.10,86.92,25.94
2023-10-03 03:12:32,31.20,56.20,86.91,25.95
2023-10-03 03:12:43,31.30,55.70,86.93,25.95
2023-10-03 03:12:47,31.60,57.80,86.94,25.95
2023-10-03 03:12:57,31.40,59.20,86.89,25.95
2023-10-03 03:13:07,31.10,62.60,86.83,25.98
2023-10-03 03:13:12,30.70,61.30,86.83,25.97
2023-10-03 03:13:22,30.90,64.20,86.88,25.97
2023-10-03 03:13:27,30.90,63.30,86.90,25.97
2023-10-03 03:13:37,31.20,62.90,86.87,25.97
2023-10-03 03:13:47,31.50,62.40,86.85,25.97
2023-10-03 03:13:57,32.00,62.30,86.86,25.97
2023-10-03 03:14:09,32.00,63.40,86.78,25.96
2023-10-03 03:14:18,32.10,63.20,86.78,25.96
2023-10-03 03:14:29,32.50,60.30,86.87,25.97
2023-10-03 03:14:38,32.50,59.70,86.83,25.96
2023-10-03 03:14:43,32.20,62.10,86.83,25.98
2023-10-03 03:14:53,31.60,61.60,86.82,25.99
2023-10-03 03:15:03,30.90,63.20,86.82,26.00
2023-10-03 03:15:08,31.10,62.00,86.79,25.99
2023-10-03 03:15:13,31.10,60.30,86.80,25.99
2023-10-03 03:15:23,30.90,57.70,86.77,26.03
2023-10-03 03:15:28,30.90,58.60,86.78,26.00
2023-10-03 03:15:38,30.70,59.40,86.74,25.99
2023-10-03 03:15:43,31.10,60.20,86.78,26.00
2023-10-03 03:15:49,31.50,62.50,86.80,26.02
2023-10-03 03:15:59,31.80,66.40,86.81,26.02
2023-10-03 03:16:04,32.10,64.80,86.79,26.01
2023-10-03 03:16:14,32.00,65.80,86.84,26.02
2023-10-03 03:16:19,31.90,65.20,86.86,26.01
2023-10-03 03:16:29,31.90,62.60,86.90,26.00
2023-10-03 03:16:34,32.00,62.50,86.98,26.02
2023-10-03 03:16:44,32.40,61.20,86.98,26.01
2023-10-03 03:16:55,32.40,61.30,87.03,26.00
2023-10-03 03:17:04,32.50,63.50,87.01,26.01
2023-10-03 03:17:15,32.10,64.10,86.98,26.00
2023-10-03 03:17:20,32.10,65.50,86.99,26.00
2023-10-03 03:17:30,32.40,65.70,86.93,26.01
2023-10-03 03:17:35,32.20,64.40,86.92,26.02
2023-10-03 03:17:45,31.70,61.60,86.84,26.02
2023-10-03 03:17:51,31.20,59.40,86.86,26.03
2023-10-03 03:18:01,31.30,59.70,86.77,26.02
2023-10-03 03:18:11,31.30,61.70,86.83,26.02
2023-10-03 03:18:21,32.40,62.10,86.84,26.01
2023-10-03 03:18:25,31.90,58.80,86.84,26.02
2023-10-03 03:18:36,31.60,58.60,86.85,26.02
2023-10-03 03:18:48,31.60,58.20,86.89,25.99
2023-10-03 03:18:56,31.50,63.50,86.96,25.99
2023-10-03 03:19:01,31.70,63.50,86.97,26.00
2023-10-03 03:19:11,31.70,64.50,86.99,26.01
2023-10-03 03:19:16,32.50,66.60,86.99,25.99
2023-10-03 03:19:26,32.90,67.20,86.97,25.99
2023-10-03 03:19:31,32.90,67.80,86.94,26.00
2023-10-03 03:19:41,32.40,69.00,86.91,26.00
2023-10-03 03:19:51,32.00,65.10,86.88,25.99
2023-10-03 03:20:02,32.10,60.70,86.89,25.99
2023-10-03 03:20:06,32.00,62.40,86.86,25.99
2023-10-03 03:20:11,32.20,60.30,86.88,25.98
2023-10-03 03:20:21,31.90,63.50,86.90,26.00
2023-10-03 03:20:27,31.80,65.30,86.87,26.01
2023-10-03 03:20:37,31.50,63.10,86.82,26.00
2023-10-03 03:20:42,31.30,62.80,86.77,26.00
2023-10-03 03:20:47,31.10,60.40,86.77,26.03
2023-10-03 03:20:57,31.10,61.60,86.80,26.04
2023-10-03 03:21:02,30.90,60.60,86.74,26.02
2023-10-03 03:21:12,31.00,61.00,86.79,26.03
2023-10-03 03:21:17,31.10,61.10,86.78,26.03
2023-10-03 03:21:22,31.40,60.80,86.75,26.03
2023-10-03 03:21:32,32.10,62.80,86.72,26.04
2023-10-03 03:21:38,32.10,63.40,86.75,26.02
2023-10-03 03:21:42,32.20,60.90,86.79,26.04
2023-10-03 03:21:52,32.10,64.60,86.82,26.04
2023-10-03 03:21:58,31.60,63.90,86.80,26.04
2023-10-03 03:22:03,31.60,61.90,86.82,26.05
2023-10-03 03:22:13,31.40,63.30,86.80,26.05
2023-10-03 03:22:18,31.30,62.30,86.81,26.04
2023-10-03 03:22:23,31.20,59.30,86.85,26.03
2023-10-03 03:22:33,31.10,61.80,86.87,26.05
2023-10-03 03:22:38,31.20,61.60,86.89,26.05
2023-10-03 03:22:43,31.10,61.30,86.87,26.05
2023-10-03 03:22:53,31.20,60.90,86.81,26.06
2023-10-03 03:22:59,31.30,61.50,86.83,26.07
2023-10-03 03:23:03,31.60,60.20,86.80,26.08
2023-10-03 03:23:13,31.40,58.20,86.75,26.06
2023-10-03 03:23:19,31.10,58.10,86.78,26.06
2023-10-03 03:23:23,31.30,57.50,86.79,26.05
2023-10-03 03:23:34,31.40,58.10,86.77,26.07
2023-10-03 03:23:39,31.80,60.80,86.80,26.07
2023-10-03 03:23:49,32.30,61.50,86.79,26.06
2023-10-03 03:23:54,32.10,62.90,86.78,26.08
2023-10-03 03:24:04,32.10,61.60,86.76,26.04
2023-10-03 03:24:20,31.10,60.50,86.79,26.06
2023-10-03 03:24:25,31.10,60.20,86.74,26.05
2023-10-03 03:24:34,31.10,60.00,86.81,26.06
2023-10-03 03:24:45,31.60,61.20,86.80,26.06
2023-10-03 03:24:54,31.50,62.00,86.80,26.06
2023-10-03 03:25:00,31.60,64.30,86.78,26.05
2023-10-03 03:25:10,32.20,65.00,86.81,26.07
2023-10-03 03:25:21,32.70,65.60,86.77,26.07
2023-10-03 03:25:30,32.40,62.20,86.77,26.07
2023-10-03 03:25:41,31.70,61.80,86.65,26.07
2023-10-03 03:25:45,31.80,63.00,86.60,26.08
2023-10-03 03:25:56,32.20,62.20,86.53,26.05
2023-10-03 03:26:17,32.00,61.00,86.52,26.05
2023-10-03 03:26:27,31.50,60.00,86.53,26.07
2023-10-03 03:26:41,30.80,61.20,86.56,26.06
2023-10-03 03:26:46,31.40,60.60,86.61,26.09
2023-10-03 03:26:56,31.00,56.90,86.60,26.06
2023-10-03 03:27:07,31.20,56.50,86.68,26.07
2023-10-03 03:27:24,30.90,59.70,86.68,26.08
2023-10-03 03:27:27,31.10,59.60,86.69,26.07
2023-10-03 03:27:46,32.10,66.40,86.71,26.06
2023-10-03 03:27:56,32.10,66.50,86.69,26.05
2023-10-03 03:28:03,32.10,66.10,86.71,26.05
2023-10-03 03:28:12,31.90,64.90,86.70,26.04
2023-10-03 03:28:22,31.40,63.20,86.68,26.07
2023-10-03 03:28:38,31.80,66.10,86.65,26.05
2023-10-03 03:28:52,32.20,65.80,86.66,26.06
2023-10-03 03:28:57,32.30,65.40,86.63,26.07
2023-10-03 03:29:14,32.10,62.20,86.66,26.05
2023-10-03 03:29:24,32.40,60.70,86.70,26.05
2023-10-03 03:29:39,32.30,60.90,86.77,26.06
2023-10-03 03:29:49,32.50,61.90,86.73,26.06
2023-10-03 03:30:06,32.20,61.20,86.72,26.08
2023-10-03 03:30:13,32.10,64.40,86.72,26.07
2023-10-03 03:30:29,32.30,65.10,86.72,26.11
2023-10-03 03:30:40,32.10,61.90,86.66,26.09
2023-10-03 03:31:00,31.40,59.90,86.56,26.11
2023-10-03 03:31:00,31.40,59.90,86.56,26.11
2023-10-03 03:31:22,32.20,63.40,86.46,26.10
2023-10-03 03:31:37,32.70,68.70,86.45,26.09
2023-10-03 03:31:50,31.90,66.40,86.50,26.09
2023-10-03 03:32:03,31.70,66.20,86.47,26.11
2023-10-03 03:32:17,31.80,61.80,86.46,26.13
2023-10-03 03:32:28,31.70,59.60,86.46,26.11
2023-10-03 03:32:28,31.70,59.60,86.46,26.11
2023-10-03 03:32:47,31.40,58.80,86.47,26.13
2023-10-03 03:33:00,31.20,64.90,86.47,26.13
2023-10-03 03:33:05,31.50,65.80,86.47,26.13
2023-10-03 03:33:15,31.20,64.40,86.47,26.13
2023-10-03 03:33:20,31.30,62.90,86.47,26.13
2023-10-03 03:33:25,30.90,60.40,86.54,26.15
2023-10-03 03:33:35,31.40,59.90,87.58,26.41
2023-10-03 03:33:40,31.80,61.80,86.04,26.73
2023-10-03 03:33:45,31.80,62.10,85.32,26.60
2023-10-03 03:33:55,32.10,64.30,85.43,26.38
2023-10-03 03:34:00,32.30,65.00,85.43,26.36
2023-10-03 03:34:05,32.20,65.60,85.36,26.31
2023-10-03 03:34:20,32.50,64.80,85.78,26.18
2023-10-03 03:34:33,32.20,63.90,85.81,26.18
2023-10-03 03:34:49,32.20,63.70,85.80,26.18
2023-10-03 03:35:02,31.60,60.70,86.01,26.16
2023-10-03 03:35:07,31.40,61.90,86.14,26.17
2023-10-03 03:35:16,31.10,57.60,86.14,26.19
2023-10-03 03:35:22,31.00,58.20,86.09,26.22
2023-10-03 03:35:32,31.10,56.20,86.15,26.20
2023-10-03 03:35:41,31.80,56.70,86.24,26.19
2023-10-03 03:35:46,31.90,56.80,86.26,26.19
2023-10-03 03:35:56,32.60,59.50,86.27,26.13
2023-10-03 03:36:10,32.80,62.10,86.51,26.07
2023-10-03 03:36:18,32.60,65.00,86.67,26.05
2023-10-03 03:36:27,32.20,62.40,86.74,26.04
2023-10-03 03:36:32,32.30,62.70,86.80,26.05
2023-10-03 03:36:42,32.10,59.60,86.89,26.07
2023-10-03 03:36:47,31.80,59.70,86.87,26.07
2023-10-03 03:36:57,31.30,61.30,86.84,26.13
2023-10-03 03:37:07,31.00,62.20,86.71,26.16
2023-10-03 03:37:13,31.40,63.70,86.63,26.18
2023-10-03 03:37:22,32.50,65.20,86.60,26.15
2023-10-03 03:37:27,32.30,63.10,86.67,26.16
2023-10-03 03:37:37,32.90,63.50,86.65,26.19
2023-10-03 03:37:42,32.50,61.00,86.61,26.19
2023-10-03 03:37:53,31.90,60.40,86.30,26.19
2023-10-03 03:37:58,31.80,62.00,86.21,26.18
2023-10-03 03:38:08,32.50,63.00,86.17,26.16
2023-10-03 03:38:13,32.60,64.70,86.19,26.13
2023-10-03 03:38:23,32.70,66.00,86.39,26.17
2023-10-03 03:38:28,32.60,66.40,86.27,26.17
2023-10-03 03:38:38,32.60,67.70,86.10,26.17
2023-10-03 03:38:43,32.60,70.00,85.88,26.14
2023-10-03 03:38:53,32.80,66.50,85.81,26.13
2023-10-03 03:38:58,32.60,64.10,85.89,26.16
2023-10-03 03:39:08,31.80,62.90,85.94,26.18
2023-10-03 03:39:14,31.70,60.10,85.93,26.19
2023-10-03 03:39:24,32.00,63.20,85.94,26.16
2023-10-03 03:39:29,32.30,64.40,85.92,26.19
2023-10-03 03:39:34,32.30,63.10,85.89,26.20
2023-10-03 03:39:44,32.70,64.30,85.88,26.17
2023-10-03 03:39:49,32.70,66.10,85.89,26.17
2023-10-03 03:39:59,32.60,65.60,85.94,26.19
2023-10-03 03:40:04,32.60,65.80,85.98,26.22
2023-10-03 03:40:09,32.30,65.50,86.00,26.18
2023-10-03 03:40:19,32.80,63.20,86.10,26.16
2023-10-03 03:40:24,33.40,61.60,86.11,26.18
2023-10-03 03:40:35,33.00,64.10,86.05,26.19
2023-10-03 03:40:39,33.20,63.90,86.04,26.21
2023-10-03 03:40:50,32.70,62.90,85.88,26.22
2023-10-03 03:41:00,31.80,61.50,85.75,26.22
2023-10-03 03:41:10,32.20,60.40,85.68,26.25
2023-10-03 03:41:20,32.30,59.30,85.63,26.27
2023-10-03 03:41:30,32.20,56.80,85.68,26.25
2023-10-03 03:41:36,32.10,56.00,85.74,26.22
2023-10-03 03:41:45,31.80,56.80,85.81,26.22
2023-10-03 03:47:19,31.00,58.60,85.41,26.20
2023-10-03 03:47:29,31.40,62.60,85.59,26.14
2023-10-03 03:47:34,31.50,62.20,85.68,26.15
2023-10-03 03:47:39,31.60,65.30,85.78,26.15
2023-10-03 03:47:49,31.80,63.70,85.67,26.17
2023-10-03 03:47:54,31.90,62.80,85.61,26.17
2023-10-03 03:48:04,31.70,62.40,85.48,26.22
2023-10-03 03:48:09,31.60,60.30,85.41,26.17
2023-10-03 03:48:14,31.30,60.20,85.44,26.19
2023-10-03 03:48:25,31.50,60.10,85.45,26.19
2023-10-03 03:48:35,32.20,62.90,85.57,26.16
2023-10-03 03:48:40,32.30,62.30,85.58,26.19
2023-10-03 03:48:45,32.60,63.20,85.56,26.18
2023-10-03 03:48:55,32.80,64.90,85.51,26.15
2023-10-03 03:49:00,32.60,63.00,85.53,26.11
2023-10-03 03:49:10,32.50,64.30,85.72,26.13
2023-10-03 03:49:15,32.40,64.30,85.68,26.12
2023-10-03 03:49:25,31.90,63.90,85.64,26.15
2023-10-03 03:49:35,32.20,67.40,85.65,26.16
2023-10-03 03:49:40,31.80,65.40,85.67,26.15
2023-10-03 03:49:50,31.60,64.90,85.80,26.15
2023-10-03 03:49:55,31.90,63.80,85.82,26.18
2023-10-03 03:50:06,32.00,62.40,85.93,26.13
2023-10-03 03:50:11,32.30,62.70,86.05,26.07
2023-10-03 03:50:21,32.80,65.70,86.26,26.02
2023-10-03 03:50:26,32.50,63.70,86.27,25.94
2023-10-03 03:50:31,32.40,64.60,86.45,25.95
2023-10-03 03:50:41,32.10,63.70,86.45,26.01
2023-10-03 03:50:46,32.10,60.70,86.41,26.03
2023-10-03 03:50:56,32.20,63.20,86.14,26.10
2023-10-03 03:51:01,32.10,62.80,86.04,26.14
2023-10-03 03:51:07,32.40,61.60,85.94,26.15
2023-10-03 03:51:16,32.30,61.00,85.77,26.20
2023-10-03 03:51:21,32.00,58.90,85.67,26.22
2023-10-03 03:51:31,31.70,58.20,85.59,26.27
2023-10-03 03:51:36,31.60,58.00,85.50,26.27
2023-10-03 03:51:47,31.80,58.50,85.39,26.31
2023-10-03 03:51:52,31.90,59.50,85.33,26.33
2023-10-03 03:52:02,31.70,60.20,85.20,26.36
2023-10-03 03:52:07,31.60,61.80,85.08,26.38
2023-10-03 03:52:17,31.40,63.20,84.99,26.40
2023-10-03 03:52:22,31.80,62.20,84.90,26.42
2023-10-03 03:52:32,32.00,61.50,84.85,26.44
2023-10-03 03:52:42,31.90,60.00,84.79,26.44
2023-10-03 03:52:47,31.90,60.30,84.76,26.45
2023-10-03 03:52:57,31.60,61.80,84.68,26.47
2023-10-03 03:53:02,31.40,61.50,84.62,26.48
2023-10-03 03:53:08,31.40,61.00,84.60,26.49
2023-10-03 03:53:18,31.30,61.00,84.59,26.48
2023-10-03 03:53:23,31.30,62.00,84.56,26.48
2023-10-03 03:53:33,31.10,59.90,84.59,26.50
2023-10-03 03:53:38,31.00,59.40,84.59,26.51
2023-10-03 03:53:48,30.60,59.20,84.60,26.51
2023-10-03 03:53:53,30.60,57.40,84.59,26.50
2023-10-03 03:54:03,30.60,55.80,84.59,26.52
2023-10-03 03:54:08,30.70,55.00,84.58,26.53
2023-10-03 03:54:13,30.80,55.60,84.57,26.53
2023-10-03 03:54:23,30.90,56.30,84.56,26.53
2023-10-03 03:54:29,31.20,56.40,84.54,26.54
2023-10-03 03:54:38,31.40,60.60,84.58,26.54
2023-10-03 03:54:43,31.50,60.90,84.53,26.53
2023-10-03 03:54:54,31.50,65.70,84.55,26.54
2023-10-03 03:54:59,31.60,65.90,84.58,26.53
2023-10-03 03:55:09,31.30,62.20,84.51,26.54
2023-10-03 03:55:14,31.20,62.70,84.51,26.54
2023-10-03 03:55:24,31.00,58.30,84.50,26.59
2023-10-03 03:55:29,30.70,59.30,84.49,26.58
2023-10-03 03:55:39,31.50,64.60,84.42,26.58
2023-10-03 03:55:44,31.50,63.50,84.43,26.58
2023-10-03 03:55:54,31.30,62.10,84.41,26.62
2023-10-03 03:55:59,31.40,62.30,84.39,26.63
2023-10-03 03:56:10,30.90,58.00,84.30,26.63
2023-10-03 03:56:14,31.10,58.40,84.32,26.65
2023-10-03 03:56:25,31.10,61.30,84.29,26.64
2023-10-03 03:56:30,30.90,60.50,84.26,26.62
2023-10-03 03:56:40,30.70,59.40,84.27,26.64
2023-10-03 03:56:45,30.40,58.00,84.29,26.65
2023-10-03 03:56:55,30.60,55.40,84.32,26.65
2023-10-03 03:57:00,30.30,55.30,84.28,26.66
2023-10-03 03:57:10,30.10,56.30,84.30,26.67
2023-10-03 03:57:15,30.30,59.80,84.29,26.66
2023-10-03 03:57:25,30.50,61.00,84.35,26.69
2023-10-03 03:57:31,30.50,61.00,84.33,26.73
2023-10-03 03:57:40,30.90,60.90,84.11,26.77
2023-10-03 03:57:45,30.90,59.70,84.11,26.79
2023-10-03 03:57:51,30.70,58.50,84.09,26.78
2023-10-03 03:58:01,30.70,56.70,84.04,26.80
2023-10-03 03:58:06,30.60,59.00,84.00,26.78
2023-10-03 03:58:16,30.90,59.50,84.00,26.76
2023-10-03 03:58:21,30.60,58.70,84.03,26.78
2023-10-03 03:58:31,30.70,61.50,84.00,26.74
2023-10-03 03:58:36,30.70,59.50,84.04,26.74
2023-10-03 03:58:46,30.90,59.10,84.13,26.70
2023-10-03 03:58:51,31.10,61.30,84.19,26.70
2023-10-03 03:59:01,31.20,59.90,84.15,26.71
2023-10-03 03:59:14,31.30,60.50,84.17,26.69
2023-10-03 03:59:21,31.40,59.60,84.30,26.71
2023-10-03 03:59:27,31.20,58.90,84.25,26.73
2023-10-03 03:59:32,31.40,57.70,84.20,26.72
2023-10-03 03:59:42,30.70,53.40,84.12,26.73
2023-10-03 03:59:47,31.00,53.40,84.09,26.74
2023-10-03 03:59:57,31.40,53.10,84.03,26.73
2023-10-03 04:00:02,31.60,54.40,84.01,26.74
2023-10-03 04:00:12,31.90,55.50,83.96,26.72
2023-10-03 04:00:17,31.70,57.00,83.94,26.71
2023-10-03 04:00:27,31.20,56.40,83.99,26.74
2023-10-03 04:00:33,31.40,56.70,83.97,26.72
2023-10-03 04:00:42,31.10,58.00,83.99,26.72
2023-10-03 04:00:47,31.10,55.70,83.99,26.73
2023-10-03 04:00:53,31.40,57.30,83.96,26.71
2023-10-03 04:01:03,31.30,58.90,83.95,26.72
2023-10-03 04:01:08,31.40,60.10,83.86,26.73
2023-10-03 04:01:18,31.50,60.40,83.78,26.70
2023-10-03 04:01:23,31.20,58.60,83.79,26.73
2023-10-03 04:01:33,30.90,58.10,83.74,26.71
2023-10-03 04:01:38,30.80,57.70,83.78,26.72
2023-10-03 04:01:48,30.60,58.70,83.79,26.72
2023-10-03 04:01:53,30.80,59.70,83.77,26.72
2023-10-03 04:02:03,30.90,55.30,83.75,26.71
2023-10-03 04:02:08,30.70,54.40,83.74,26.72
2023-10-03 04:02:18,31.00,54.20,83.77,26.65
2023-10-03 04:02:23,31.00,56.50,83.88,26.64
2023-10-03 04:02:28,31.30,59.50,83.94,26.65
2023-10-03 04:02:39,31.70,62.30,83.90,26.57
2023-10-03 04:02:44,32.30,63.90,83.99,26.52
2023-10-03 04:02:49,32.20,63.80,84.16,26.52
2023-10-03 04:02:59,32.40,58.50,84.25,26.51
2023-10-03 04:03:04,32.40,57.10,84.29,26.48
2023-10-03 04:03:09,32.30,57.70,84.36,26.47
2023-10-03 04:03:19,31.80,57.50,84.38,26.50
2023-10-03 04:03:24,32.00,59.10,84.33,26.51
2023-10-03 04:03:29,32.20,60.90,84.19,26.47
2023-10-03 04:03:39,32.20,61.40,84.14,26.48
2023-10-03 04:03:44,32.10,60.60,84.14,26.47
2023-10-03 04:03:49,32.20,61.40,84.23,26.46
2023-10-03 04:03:59,32.00,60.40,84.29,26.48
2023-10-03 04:04:05,31.90,59.90,84.19,26.49
2023-10-03 04:04:10,31.60,60.40,84.16,26.43
2023-10-03 04:04:20,32.10,61.50,84.36,26.41
2023-10-03 04:04:25,32.10,63.50,84.41,26.44
2023-10-03 04:04:30,31.90,62.10,84.40,26.45
2023-10-03 04:04:40,32.00,63.70,84.27,26.45
2023-10-03 04:04:45,32.00,62.60,84.23,26.44
2023-10-03 04:04:50,32.00,61.20,84.31,26.44
2023-10-03 04:05:00,32.10,58.80,84.29,26.44
2023-10-03 04:05:05,32.20,58.50,84.27,26.43
2023-10-03 04:05:10,32.50,60.30,84.27,26.45
2023-10-03 04:05:20,32.40,61.60,84.21,26.44
2023-10-03 04:05:25,32.40,61.20,84.20,26.42
2023-10-03 04:05:30,32.20,62.40,84.15,26.39
2023-10-03 04:05:41,31.80,62.10,84.26,26.39
2023-10-03 04:05:46,32.10,61.00,84.31,26.43
2023-10-03 04:05:51,32.20,62.20,84.30,26.41
2023-10-03 04:06:01,32.70,63.30,84.26,26.37
2023-10-03 04:06:06,33.00,62.70,84.41,26.35
2023-10-03 04:06:11,33.10,61.40,84.49,26.36
2023-10-03 04:06:21,33.10,62.30,84.58,26.37
2023-10-03 04:06:26,33.40,63.00,84.65,26.33
2023-10-03 04:06:31,33.10,62.50,84.76,26.31
2023-10-03 04:06:41,33.10,64.70,84.94,26.31
2023-10-03 04:06:46,33.50,65.20,84.79,26.31
2023-10-03 04:06:51,33.10,62.80,84.77,26.31
2023-10-03 04:07:01,32.90,63.10,84.76,26.28
2023-10-03 04:07:06,32.90,64.20,84.78,26.28
2023-10-03 04:07:12,32.50,60.60,84.80,26.34
2023-10-03 04:07:22,31.70,60.10,84.76,26.34
2023-10-03 04:07:27,31.40,57.80,84.73,26.35
2023-10-03 04:07:32,32.00,58.90,84.76,26.32
2023-10-03 04:07:42,32.50,60.30,84.83,26.32
2023-10-03 04:07:47,32.80,60.30,84.79,26.31
2023-10-03 04:07:52,33.50,61.60,84.71,26.33
2023-10-03 04:08:02,33.70,63.20,84.64,26.37
2023-10-03 04:08:07,33.40,61.70,84.59,26.37
2023-10-03 04:08:12,33.30,62.10,84.57,26.36
2023-10-03 04:08:22,33.10,60.30,84.63,26.38
2023-10-03 04:08:27,33.10,60.60,84.74,26.38
2023-10-03 04:08:32,33.10,58.90,84.76,26.36
2023-10-03 04:08:42,33.50,60.60,84.76,26.40
2023-10-03 04:08:48,33.40,62.40,84.68,26.39
2023-10-03 04:08:53,33.40,63.20,84.67,26.41
2023-10-03 04:09:03,33.60,64.50,84.72,26.40
2023-10-03 04:09:08,33.30,62.70,84.69,26.39
2023-10-03 04:09:13,33.20,63.40,84.79,26.38
2023-10-03 04:09:23,33.40,61.40,84.81,26.38
2023-10-03 04:09:28,33.40,61.40,84.78,26.39
2023-10-03 04:09:33,33.20,58.40,84.80,26.37
2023-10-03 04:09:43,33.70,59.90,84.78,26.40
2023-10-03 04:09:48,33.40,60.20,84.74,26.39
2023-10-03 04:09:53,33.30,62.60,84.78,26.40
2023-10-03 04:10:03,32.60,65.30,84.80,26.40
2023-10-03 04:10:08,32.50,66.10,84.86,26.39
2023-10-03 04:10:13,32.50,66.70,84.97,26.37
2023-10-03 04:10:24,32.50,65.50,84.93,26.31
2023-10-03 04:10:29,32.50,63.40,84.99,26.31
2023-10-03 04:10:34,32.90,64.00,84.98,26.33
2023-10-03 04:10:44,32.90,62.20,85.02,26.28
2023-10-03 04:10:49,33.00,63.10,84.99,26.29
2023-10-03 04:10:54,33.30,65.00,85.01,26.30
2023-10-03 04:11:04,33.40,66.90,84.98,26.30
2023-10-03 04:11:09,33.10,66.40,85.00,26.29
2023-10-03 04:11:14,33.00,66.10,85.02,26.31
2023-10-03 04:11:24,32.30,64.80,85.05,26.32
2023-10-03 04:11:29,32.60,63.00,85.05,26.36
2023-10-03 04:11:34,32.20,61.50,85.00,26.34
2023-10-03 04:11:44,32.30,61.20,84.93,26.36
2023-10-03 04:11:50,32.50,59.10,84.89,26.38
2023-10-03 04:11:55,32.70,58.40,84.86,26.39
2023-10-03 04:12:05,32.30,60.60,84.88,26.40
2023-10-03 04:12:10,32.20,60.50,84.91,26.39
2023-10-03 04:12:15,32.40,61.30,84.87,26.40
2023-10-03 04:12:20,32.50,61.20,84.82,26.41
2023-10-03 04:12:30,32.90,61.40,84.74,26.44
2023-10-03 04:12:35,32.80,60.40,84.66,26.45
2023-10-03 04:12:45,32.40,59.20,84.58,26.47
2023-10-03 04:12:50,32.20,59.60,84.57,26.49
2023-10-03 04:12:55,31.70,59.10,84.59,26.45
2023-10-03 04:13:05,32.10,58.10,84.75,26.40
2023-10-03 04:13:10,32.50,59.40,84.96,26.36
2023-10-03 04:13:16,32.70,58.00,85.14,26.34
2023-10-03 04:13:26,33.30,61.10,85.42,26.33
2023-10-03 04:13:31,33.20,61.60,85.36,26.33
2023-10-03 04:13:36,33.10,65.00,85.35,26.35
2023-10-03 04:13:46,33.00,64.80,85.23,26.38
2023-10-03 04:13:51,32.80,64.70,85.16,26.39
2023-10-03 04:13:56,32.60,61.70,85.08,26.39
2023-10-03 04:14:06,32.20,57.30,85.04,26.42
2023-10-03 04:14:11,31.70,55.30,85.04,26.42
2023-10-03 04:14:16,32.30,58.10,85.12,26.41
2023-10-03 04:14:26,32.40,60.10,85.47,26.37
2023-10-03 04:14:31,32.50,61.20,85.51,26.39
2023-10-03 04:14:36,32.70,63.60,85.44,26.40
2023-10-03 04:14:46,33.00,66.60,85.01,26.32
2023-10-03 04:14:51,32.80,64.00,85.01,26.30
2023-10-03 04:15:05,32.80,63.20,85.24,26.27
2023-10-03 04:15:12,32.40,60.20,85.33,26.29
2023-10-03 04:15:17,32.30,58.90,85.38,26.27
2023-10-03 04:15:22,32.70,59.90,85.42,26.30
2023-10-03 04:15:32,33.00,60.30,85.28,26.29
2023-10-03 04:15:37,33.30,61.30,85.26,26.27
2023-10-03 04:15:47,33.30,61.50,85.42,26.21
2023-10-03 04:15:52,33.10,60.20,85.50,26.23
2023-10-03 04:15:57,32.90,61.30,85.51,26.22
2023-10-03 04:16:03,33.20,62.20,85.55,26.21
2023-10-03 04:16:12,32.80,61.30,85.49,26.20
2023-10-03 04:16:17,32.90,62.70,85.49,26.17
2023-10-03 04:16:23,32.60,63.70,85.54,26.21
2023-10-03 04:16:33,32.70,62.40,85.49,26.21
2023-10-03 04:16:38,32.70,62.00,85.61,26.18
2023-10-03 04:16:43,32.60,62.40,85.78,26.19
2023-10-03 04:16:53,32.60,62.30,85.75,26.16
2023-10-03 04:16:58,32.80,60.70,85.81,26.18
2023-10-03 04:17:03,32.90,61.90,85.72,26.23
2023-10-03 04:17:13,33.50,63.90,85.53,26.27
2023-10-03 04:17:18,33.70,61.90,85.29,26.26
2023-10-03 04:17:23,34.00,61.80,85.25,26.25
2023-10-03 04:17:33,33.40,61.30,85.16,26.25
2023-10-03 04:17:38,33.80,59.80,85.28,26.22
2023-10-03 04:17:44,33.30,58.40,85.31,26.15
2023-10-03 04:17:53,33.20,60.60,85.68,26.07
2023-10-03 04:17:58,33.40,59.90,85.79,26.06
2023-10-03 04:18:09,33.00,59.00,85.88,26.09
2023-10-03 04:18:14,32.90,58.00,85.89,26.13
2023-10-03 04:18:19,32.90,59.60,85.86,26.15
2023-10-03 04:18:29,32.80,61.70,85.86,26.17
2023-10-03 04:18:34,32.90,62.90,85.78,26.21
2023-10-03 04:18:39,32.80,62.50,85.76,26.22
2023-10-03 04:18:49,33.20,63.40,85.73,26.24
2023-10-03 04:18:54,33.10,65.40,85.76,26.23
2023-10-03 04:18:59,33.30,63.60,85.83,26.23
2023-10-03 04:19:09,33.70,67.80,85.80,26.28
2023-10-03 04:19:14,33.50,69.50,85.74,26.28
2023-10-03 04:19:19,33.50,68.70,85.70,26.30
2023-10-03 04:19:29,33.40,67.50,85.67,26.29
2023-10-03 04:19:35,33.20,66.90,85.71,26.28
2023-10-03 04:19:40,33.00,64.10,85.76,26.29
2023-10-03 04:19:50,33.90,65.10,85.75,26.30
2023-10-03 04:19:55,33.80,64.40,85.70,26.27
2023-10-03 04:20:00,33.80,65.10,85.73,26.27
2023-10-03 04:20:10,34.20,65.20,85.68,26.30
2023-10-03 04:20:15,33.70,64.80,85.66,26.31
2023-10-03 04:20:25,33.60,66.90,85.61,26.34
2023-10-03 04:20:30,33.70,64.30,85.61,26.32
2023-10-03 04:20:35,33.40,65.70,85.70,26.32
2023-10-03 04:20:46,33.10,64.70,85.75,26.34
2023-10-03 04:20:50,33.50,65.30,85.69,26.36
2023-10-03 04:20:55,33.20,64.00,85.54,26.37
2023-10-03 04:21:06,33.30,63.30,85.35,26.32
2023-10-03 04:21:11,33.50,63.80,85.41,26.32
2023-10-03 04:21:16,33.50,64.10,85.40,26.32
2023-10-03 04:21:26,33.40,62.90,85.09,26.31
2023-10-03 04:21:31,33.10,63.40,85.14,26.31
2023-10-03 04:21:36,33.20,65.50,85.14,26.31
2023-10-03 04:21:46,33.70,67.90,85.09,26.31
2023-10-03 04:21:51,33.40,66.20,85.16,26.29
2023-10-03 04:21:56,33.30,66.10,85.03,26.29
2023-10-03 04:22:06,33.20,64.80,84.87,26.27
2023-10-03 04:22:11,33.20,64.30,84.89,26.24
2023-10-03 04:22:21,33.00,63.70,85.04,26.21
2023-10-03 04:22:27,33.20,63.20,85.12,26.20
2023-10-03 04:22:31,32.90,64.40,85.11,26.20
2023-10-03 04:22:42,32.70,60.70,85.23,26.22
2023-10-03 04:22:47,33.20,61.20,85.29,26.20
2023-10-03 04:22:52,33.20,61.80,85.32,26.18
2023-10-03 04:23:02,33.40,60.70,85.41,26.20
2023-10-03 04:23:07,33.80,63.50,85.45,26.22
2023-10-03 04:23:17,33.30,66.10,85.37,26.27
2023-10-03 04:23:22,33.40,68.40,85.38,26.30
2023-10-03 04:23:32,33.60,69.20,85.28,26.32
2023-10-03 04:23:37,33.60,67.80,85.28,26.34
2023-10-03 04:23:42,33.50,67.40,85.34,26.32
2023-10-03 04:23:52,33.80,64.90,85.43,26.32
2023-10-03 04:23:57,33.70,65.00,85.41,26.29
2023-10-03 04:24:02,33.70,64.50,85.39,26.28
2023-10-03 04:24:12,33.90,63.90,85.54,26.26
2023-10-03 04:24:18,33.70,63.20,85.56,26.27
2023-10-03 04:24:23,33.90,61.90,85.52,26.28
2023-10-03 04:24:33,33.70,60.90,85.41,26.31
2023-10-03 04:24:38,33.70,60.30,85.37,26.35
2023-10-03 04:24:43,33.80,60.20,85.28,26.35
2023-10-03 04:24:53,33.70,62.00,85.13,26.38
2023-10-03 04:24:58,33.50,61.30,85.12,26.38
2023-10-03 04:25:03,33.80,61.90,85.08,26.40
2023-10-03 04:25:13,33.40,62.90,85.04,26.41
2023-10-03 04:25:18,33.60,63.40,85.08,26.40
2023-10-03 04:25:29,34.00,64.20,85.12,26.44
2023-10-03 04:25:33,34.20,65.50,85.29,26.42
2023-10-03 04:25:38,34.40,65.00,85.46,26.42
2023-10-03 04:25:49,33.80,63.60,85.58,26.35
2023-10-03 04:25:54,34.10,66.00,85.59,26.30
2023-10-03 04:25:59,34.20,64.10,85.70,26.29
2023-10-03 04:26:09,34.10,63.40,85.74,26.30
2023-10-03 04:26:14,34.60,63.50,85.75,26.28
2023-10-03 04:26:19,34.80,65.80,85.85,26.23
2023-10-03 04:26:29,34.60,66.40,86.26,26.22
2023-10-03 04:26:34,34.70,66.70,86.49,26.23
2023-10-03 04:26:44,34.50,65.70,86.66,26.22
2023-10-03 04:26:49,34.50,67.10,86.73,26.23
2023-10-03 04:26:54,34.20,66.60,86.77,26.24
2023-10-03 04:27:04,34.20,67.70,86.64,26.28
2023-10-03 04:27:10,34.50,66.30,86.50,26.28
2023-10-03 04:27:14,34.70,69.10,86.44,26.26
2023-10-03 04:27:25,35.00,68.20,86.46,26.27
2023-10-03 04:27:30,35.60,69.30,86.48,26.26
2023-10-03 04:27:35,35.70,67.30,86.52,26.26
2023-10-03 04:27:45,35.80,67.60,86.61,26.26
2023-10-03 04:27:50,35.60,67.00,86.67,26.26
2023-10-03 04:27:55,35.50,67.20,86.67,26.27
2023-10-03 04:28:05,35.60,69.20,86.63,26.31
2023-10-03 04:28:10,35.50,67.90,86.54,26.31
2023-10-03 04:28:15,35.10,66.30,86.52,26.31
2023-10-03 04:28:25,35.50,67.70,86.53,26.29
2023-10-03 04:28:30,35.20,67.80,86.52,26.33
2023-10-03 04:28:40,35.00,63.80,86.41,26.37
2023-10-03 04:28:45,35.20,64.50,86.38,26.36
2023-10-03 04:44:03,31.40,56.10,78.65,26.11
2023-10-03 04:44:08,31.50,54.00,78.93,26.05
2023-10-03 04:44:18,31.70,55.40,80.26,25.98
2023-10-03 04:44:48,31.70,53.70,79.76,25.72
2023-10-03 04:45:02,31.10,53.20,80.28,25.63
2023-10-03 04:46:08,32.20,55.10,81.77,25.62
2023-10-03 04:52:30,30.80,52.90,80.63,25.74
2023-10-03 04:52:53,30.20,51.00,80.54,25.72
2023-10-03 04:53:22,29.70,52.10,79.04,25.66
2023-10-03 04:53:52,29.90,51.10,78.89,25.62
2023-10-03 04:54:33,30.20,53.70,80.53,25.68
2023-10-03 04:57:40,29.40,45.90,78.49,25.86
2023-10-03 04:57:50,29.40,47.20,78.23,25.81
2023-10-03 04:57:55,29.60,47.40,78.28,25.80
2023-10-03 04:58:06,28.80,47.00,77.78,25.79
2023-10-03 04:58:10,28.50,45.70,77.73,25.77
2023-10-03 04:58:21,28.30,45.00,77.59,25.75
2023-10-03 04:58:25,28.10,45.10,77.51,25.76
2023-10-03 04:58:36,27.90,44.30,77.52,25.75
2023-10-03 04:58:46,27.70,42.70,77.54,25.70
2023-10-03 04:58:51,28.00,44.20,77.50,25.71
2023-10-03 04:59:01,28.00,45.30,77.41,25.71
2023-10-03 04:59:06,28.40,45.60,77.60,25.70
2023-10-03 04:59:16,28.70,45.80,77.49,25.71
2023-10-03 04:59:22,28.80,45.70,77.71,25.74
2023-10-03 04:59:31,28.30,42.40,77.80,25.74
2023-10-03 04:59:50,28.50,43.00,78.00,25.78
2023-10-03 05:00:21,28.20,44.90,78.31,25.82
2023-10-03 05:01:04,30.00,47.70,78.96,25.89
2023-10-03 05:01:14,29.50,46.60,78.30,25.86
2023-10-03 05:01:30,28.30,45.40,77.80,25.83
2023-10-03 05:01:45,28.50,46.90,78.11,25.88
2023-10-03 05:01:56,29.30,50.30,78.20,25.86
2023-10-03 05:02:19,28.90,46.30,77.27,25.84
2023-10-03 05:02:48,28.60,45.90,76.70,25.76
2023-10-03 05:03:02,28.20,44.30,77.23,25.69
2023-10-03 05:03:20,29.20,44.30,77.04,25.61
2023-10-03 05:03:43,28.90,44.20,77.04,25.62
2023-10-03 05:04:03,28.90,44.60,77.84,25.63
2023-10-03 05:04:27,29.60,46.30,78.43,25.66
2023-10-03 05:04:35,29.40,46.60,78.67,25.70
2023-10-03 05:04:56,29.00,45.70,78.67,25.71
2023-10-03 05:05:25,29.40,47.50,78.82,25.82
2023-10-03 05:05:51,29.30,47.40,77.69,25.75
2023-10-03 05:06:12,28.30,46.70,77.03,25.72
2023-10-03 05:06:37,28.00,44.10,76.92,25.64
2023-10-03 05:06:49,28.90,45.50,76.99,25.63
2023-10-03 05:07:01,29.50,47.70,77.08,25.61
2023-10-03 05:07:12,29.70,45.70,76.97,25.57
2023-10-03 05:07:33,28.70,44.80,77.19,25.53
2023-10-03 05:07:39,28.40,46.40,77.61,25.55
2023-10-03 05:07:44,28.50,44.80,77.75,25.57
2023-10-03 05:07:55,28.70,47.30,77.67,25.56
2023-10-03 05:08:12,28.80,47.20,78.14,25.56
2023-10-03 05:08:52,29.20,44.90,78.37,25.64
2023-10-03 05:08:53,29.10,46.40,78.14,25.61
2023-10-03 05:09:04,29.70,49.10,78.91,25.61
2023-10-03 05:09:14,29.90,50.50,78.99,25.65
2023-10-03 05:09:24,30.10,49.70,79.06,25.72
2023-10-03 05:09:29,30.00,48.70,79.14,25.74
2023-10-03 05:09:40,30.30,49.50,79.43,25.80
2023-10-03 05:09:44,29.90,48.30,79.42,25.83
2023-10-03 05:09:54,30.00,52.00,79.69,25.90
2023-10-03 05:10:12,30.40,53.30,80.09,26.01
2023-10-03 05:10:23,30.50,50.40,80.26,26.04
2023-10-03 05:10:30,30.20,48.80,79.50,26.07
2023-10-03 05:10:35,30.20,49.90,79.21,26.05
2023-10-03 05:10:45,29.90,48.20,79.18,26.08
2023-10-03 05:10:57,29.60,50.00,78.57,26.10
2023-10-03 05:11:05,29.80,49.10,78.70,26.13
2023-10-03 05:11:15,29.70,52.20,79.14,26.20
2023-10-03 05:11:26,29.90,52.20,78.98,26.18
2023-10-03 05:11:44,30.70,53.10,79.58,26.17
2023-10-03 05:11:56,29.90,50.50,79.07,26.20
2023-10-03 05:12:07,29.40,46.70,78.72,26.20
2023-10-03 05:12:35,30.20,49.00,78.32,26.09
2023-10-03 05:13:01,30.00,49.90,78.91,26.09
2023-10-03 05:13:12,29.90,48.30,78.86,26.08
2023-10-03 05:13:22,30.00,46.70,78.76,26.08
2023-10-03 05:13:26,30.40,49.30,79.21,26.08
2023-10-03 05:13:37,30.50,51.30,79.29,26.11
2023-10-03 05:13:47,30.40,49.40,78.89,26.09
2023-10-03 05:13:52,30.40,50.10,79.36,26.11
2023-10-03 05:14:02,30.50,48.70,79.86,26.17
2023-10-03 05:14:13,30.70,51.30,79.77,26.20
2023-10-03 05:14:17,31.10,53.10,79.32,26.22
2023-10-03 05:14:27,30.60,51.90,78.42,26.25
2023-10-03 05:14:44,30.00,52.10,79.18,26.30
2023-10-03 05:14:55,30.20,55.00,78.67,26.31
2023-10-03 05:15:02,30.50,55.80,78.60,26.28
2023-10-03 05:15:08,30.60,56.40,78.35,26.31
2023-10-03 05:15:18,29.70,55.00,78.05,26.32
2023-10-03 05:15:45,29.00,50.80,78.26,26.33
2023-10-03 05:15:50,29.40,48.10,78.17,26.26
2023-10-03 05:16:11,30.20,49.70,77.37,26.14
2023-10-03 05:16:32,29.20,50.40,76.92,26.15
2023-10-03 05:16:41,28.80,50.10,78.78,26.21
2023-10-03 05:16:47,28.80,50.80,78.52,26.20
2023-10-03 05:17:16,30.00,51.30,77.81,26.16
2023-10-03 05:17:54,29.40,46.50,77.48,26.16
2023-10-03 05:18:08,29.60,48.00,77.07,26.21
2023-10-03 05:18:12,29.80,49.60,77.08,26.22
2023-10-03 05:18:23,29.80,49.30,77.19,26.30
2023-10-03 05:18:34,29.90,49.70,76.28,26.27
2023-10-03 05:18:46,29.20,46.20,77.14,26.23
2023-10-03 05:18:53,28.50,46.40,76.74,26.20
2023-10-03 05:19:03,28.30,47.70,76.21,26.19
2023-10-03 05:19:08,28.60,49.80,75.60,26.19
2023-10-03 05:19:19,28.00,47.50,74.82,26.13
2023-10-03 05:19:30,27.80,46.20,74.51,26.10
2023-10-03 05:19:57,27.80,45.90,75.25,26.07
2023-10-03 05:20:10,27.60,46.60,74.71,26.02
2023-10-03 05:20:10,27.60,46.60,74.71,26.02
2023-10-03 05:20:27,27.50,48.90,74.16,25.81
2023-10-03 05:20:32,27.60,47.40,74.22,25.76
2023-10-03 05:20:42,27.30,44.00,74.42,25.68
2023-10-03 05:20:47,27.30,43.40,74.59,25.65
2023-10-03 05:20:58,27.90,43.90,76.56,25.65
2023-10-03 05:21:08,27.60,44.00,74.73,25.63
2023-10-03 05:21:13,27.60,43.10,74.40,25.60
2023-10-03 05:21:23,27.60,43.10,74.80,25.59
2023-10-03 05:21:28,27.60,43.30,75.01,25.58
2023-10-03 05:21:38,27.30,43.90,75.16,25.65
2023-10-03 05:21:48,27.50,45.80,75.29,25.71
2023-10-03 05:21:53,27.30,45.40,74.84,25.71
2023-10-03 05:22:08,27.80,44.90,74.52,25.76
2023-10-03 05:22:13,27.80,45.40,75.53,25.77
2023-10-03 05:22:23,28.10,43.80,75.75,25.79
2023-10-03 05:22:28,28.10,43.40,75.71,25.82
2023-10-03 05:22:33,28.00,43.40,76.83,25.82
2023-10-03 05:22:44,28.80,44.30,76.91,25.88
2023-10-03 05:22:54,28.70,45.10,77.07,25.88
2023-10-03 05:22:59,28.70,46.60,76.99,25.89
2023-10-03 05:23:09,28.70,47.10,77.15,25.94
2023-10-03 05:23:19,29.00,47.30,77.60,26.00
2023-10-03 05:23:24,28.70,47.60,77.84,26.04
2023-10-03 05:23:34,28.50,45.50,76.08,26.08
2023-10-03 05:23:45,28.20,45.50,76.41,26.03
2023-10-03 05:23:49,28.60,47.20,76.72,26.00
2023-10-03 05:24:00,28.50,46.50,77.17,26.03
2023-10-03 05:24:09,28.90,47.00,76.93,26.02
2023-10-03 05:24:15,28.90,47.70,76.71,26.01
2023-10-03 05:24:25,28.50,46.10,76.77,26.00
2023-10-03 05:24:35,28.50,45.90,77.21,25.99
2023-10-03 05:24:45,28.50,45.80,77.27,26.02
2023-10-03 05:24:56,28.40,44.10,76.81,26.04
2023-10-03 05:25:01,28.40,44.70,77.27,26.06
2023-10-03 05:25:11,29.10,47.50,77.07,26.08
2023-10-03 05:25:15,29.40,47.70,76.83,26.08
2023-10-03 05:25:25,29.00,47.60,76.56,26.08
2023-10-03 05:25:30,28.90,47.60,76.46,26.07
2023-10-03 05:25:41,28.80,46.40,76.24,26.09
2023-10-03 05:25:51,28.50,44.50,76.03,26.14
2023-10-03 05:25:56,28.90,44.70,76.23,26.17
2023-10-03 05:26:06,29.40,45.60,77.07,26.21
2023-10-03 05:26:11,29.00,44.90,77.10,26.22
2023-10-03 05:26:22,29.50,47.40,76.96,26.28
2023-10-03 05:26:31,29.30,46.40,76.64,26.30
2023-10-03 05:26:43,29.10,46.60,76.61,26.38
2023-10-03 05:26:51,28.40,44.60,75.28,26.41
2023-10-03 05:26:56,28.10,45.10,75.00,26.43
2023-10-03 05:27:06,27.90,43.90,74.97,26.45
2023-10-03 05:27:18,27.90,43.20,74.91,26.47
2023-10-03 05:27:27,28.00,46.10,74.82,26.48
2023-10-03 05:27:32,28.10,48.10,74.89,26.50
2023-10-03 05:27:43,27.90,47.90,74.96,26.51
2023-10-03 05:27:53,27.50,46.80,74.35,26.57
2023-10-03 05:28:06,27.40,43.50,73.89,26.57
2023-10-03 05:28:19,26.90,42.10,72.70,26.55
2023-10-03 05:28:29,26.40,41.30,72.82,26.55
2023-10-03 05:28:37,26.00,43.50,73.02,26.49
2023-10-03 05:28:47,26.20,44.40,73.38,26.49
2023-10-03 05:28:58,27.10,46.50,72.76,26.43
2023-10-03 05:29:16,27.20,43.20,72.07,26.25
2023-10-03 05:29:33,27.10,42.80,71.92,26.15
2023-10-03 05:29:38,27.30,44.60,71.89,26.08
2023-10-03 05:29:48,27.20,46.30,71.78,26.02
2023-10-03 05:29:58,26.90,45.00,72.37,25.96
2023-10-03 05:30:04,27.10,44.10,72.42,25.94
2023-10-03 05:30:13,27.30,44.80,73.21,26.00
2023-10-03 05:30:26,27.70,44.70,73.18,26.02
2023-10-03 05:30:34,27.20,45.90,73.45,26.06
2023-10-03 05:30:39,27.30,46.60,73.54,26.08
2023-10-03 05:30:49,27.30,45.10,74.46,26.11
2023-10-03 05:30:55,27.40,46.00,74.54,26.11
2023-10-03 05:31:04,27.60,46.40,74.53,26.14
2023-10-03 05:31:15,27.90,46.20,74.95,26.20
2023-10-03 05:31:19,27.70,45.70,74.68,26.22
2023-10-03 05:31:29,27.70,46.20,74.38,26.23
2023-10-03 05:31:41,27.90,47.00,73.82,26.28
2023-10-03 05:31:50,28.40,46.30,74.39,26.32
2023-10-03 05:32:01,28.70,44.90,74.31,26.35
2023-10-03 05:32:15,29.10,45.30,74.53,26.36
2023-10-03 05:32:20,28.80,45.00,74.82,26.36
2023-10-03 05:32:30,28.30,45.70,75.25,26.38
2023-10-03 05:32:41,27.50,44.40,75.01,26.46
2023-10-03 05:32:45,27.30,43.80,74.54,26.45
2023-10-03 05:32:55,27.20,44.00,74.18,26.46
2023-10-03 05:33:06,27.30,44.20,73.82,26.43
2023-10-03 05:33:16,27.60,42.90,73.67,26.42
2023-10-03 05:33:27,28.10,44.10,73.00,26.42
2023-10-03 05:33:37,28.20,45.20,72.77,26.41
2023-10-03 05:33:41,28.10,46.20,72.79,26.41
2023-10-03 05:33:51,27.90,45.60,72.65,26.41
2023-10-03 05:34:01,27.90,47.10,72.61,26.39
2023-10-03 05:34:13,27.80,47.40,73.09,26.36
2023-10-03 05:34:22,27.60,47.80,72.72,26.32
2023-10-03 05:34:27,27.50,46.70,72.25,26.29
2023-10-03 05:34:36,27.40,44.20,73.58,26.27
2023-10-03 05:34:48,28.10,46.20,74.88,26.27
2023-10-03 05:34:57,28.10,44.60,74.38,26.25
2023-10-03 05:35:01,28.30,45.10,74.22,26.25
2023-10-03 05:35:18,27.80,43.40,72.82,26.25
2023-10-03 05:35:22,27.70,43.60,72.54,26.22
2023-10-03 05:35:38,27.90,42.90,71.96,26.08
2023-10-03 05:36:08,27.50,42.70,72.13,26.01
2023-10-03 05:40:56,29.60,49.00,76.15,25.14
2023-10-03 05:41:05,29.80,48.90,76.27,25.20
2023-10-03 05:41:10,30.00,48.80,76.25,25.23
2023-10-03 05:41:21,30.00,50.40,76.09,25.28
2023-10-03 05:41:26,29.90,51.50,76.05,25.31
2023-10-03 05:41:36,29.50,53.20,76.64,25.37
2023-10-03 05:41:41,29.60,54.80,77.20,25.42
2023-10-03 05:41:51,30.20,53.60,77.08,25.46
2023-10-03 05:41:56,30.00,52.00,76.70,25.43
2023-10-03 05:42:06,30.50,49.90,76.98,25.43
2023-10-03 05:42:11,30.60,50.70,76.74,25.46
2023-10-03 05:42:21,30.50,50.40,76.91,25.46
2023-10-03 05:42:31,31.30,51.90,76.78,25.48
2023-10-03 05:42:42,31.20,52.90,76.72,25.51
2023-10-03 05:42:52,31.10,52.50,76.16,25.53
2023-10-03 05:42:57,30.80,53.10,76.02,25.58
2023-10-03 05:43:07,30.50,54.50,76.08,25.62
2023-10-03 05:43:34,29.60,54.50,75.99,25.69
2023-10-03 05:44:09,30.30,52.40,75.64,25.74
2023-10-03 05:44:34,30.40,53.70,75.30,25.77
2023-10-03 05:44:43,29.90,52.00,75.24,25.73
2023-10-03 05:44:54,29.90,51.60,74.97,25.68
2023-10-03 05:45:03,29.70,48.20,74.87,25.62
2023-10-03 05:45:08,29.50,46.10,75.04,25.57
2023-10-03 05:45:19,29.90,46.90,74.82,25.45
2023-10-03 05:45:28,30.30,48.30,74.98,25.36
2023-10-03 05:45:34,30.30,47.40,75.42,25.36
2023-10-03 05:45:43,30.40,49.60,75.56,25.31
2023-10-03 05:45:54,30.50,49.10,75.30,25.24
2023-10-03 05:46:04,30.80,52.00,75.74,25.24
2023-10-03 05:46:09,31.10,52.20,75.68,25.26
2023-10-03 05:46:19,30.80,52.50,75.25,25.22
2023-10-03 05:46:31,30.70,51.80,74.99,25.19
2023-10-03 05:46:39,30.00,50.40,75.08,25.12
2023-10-03 05:46:50,30.10,49.20,75.44,25.09
2023-10-03 05:46:55,29.80,47.40,75.45,25.09
2023-10-03 05:47:04,30.40,47.90,75.73,25.06
2023-10-03 05:47:09,30.50,48.60,75.87,25.05
2023-10-03 05:47:19,31.30,50.10,76.14,25.11
2023-10-03 05:47:30,31.20,49.90,75.62,25.08
2023-10-03 05:47:35,30.90,48.40,75.85,25.11
2023-10-03 05:47:45,30.40,46.60,75.93,25.10
2023-10-03 05:47:50,30.60,45.90,76.02,25.09
2023-10-03 05:48:00,30.60,46.20,76.04,25.09
2023-10-03 05:48:10,30.60,48.60,76.25,25.05
2023-10-03 05:48:15,30.80,48.40,76.31,25.07
2023-10-03 05:48:26,30.50,49.20,76.25,25.09
2023-10-03 05:48:30,30.80,48.40,76.49,25.07
2023-10-03 05:48:40,31.10,49.50,76.22,25.06
2023-10-03 05:48:52,31.20,50.90,76.34,25.08
2023-10-03 05:49:01,30.80,48.40,75.78,25.03
2023-10-03 05:49:11,30.80,47.10,76.23,25.04
2023-10-03 05:49:16,30.80,47.90,76.04,25.02
2023-10-03 05:49:26,31.40,48.20,76.77,25.03
2023-10-03 05:49:38,31.50,51.80,76.65,25.07
2023-10-03 05:49:46,31.60,54.00,76.34,25.05
2023-10-03 05:49:51,31.60,54.60,76.55,25.05
2023-10-03 05:50:01,31.40,52.70,77.35,25.10
2023-10-03 05:50:06,31.40,51.80,77.35,25.11
2023-10-03 05:50:17,31.10,49.30,77.46,25.18
2023-10-03 05:50:26,31.20,51.30,76.97,25.23
2023-10-03 05:50:37,31.40,51.60,77.28,25.31
2023-10-03 05:50:47,31.70,50.80,76.59,25.37
2023-10-03 05:50:52,32.10,51.70,76.65,25.39
2023-10-03 05:51:02,32.00,52.50,77.48,25.42
2023-10-03 05:51:12,31.80,52.30,77.14,25.51
2023-10-03 05:51:23,31.00,49.60,76.46,25.56
2023-10-03 05:51:27,30.90,49.70,76.30,25.59
2023-10-03 05:51:47,30.50,50.00,75.64,25.70
Timestamp,PM2.5,PM10,Humidity,Temperature
2023-11-12 13:05:43,59.20,83.10,55.86,27.71
Timestamp,PM2.5,PM10,Humidity,Temperature
Timestamp,PM2.5,PM10,Humidity,Temperature
Timestamp,PM2.5,PM10,Humidity,Temperature
Timestamp,PM2.5,PM10,Humidity,Temperature
Timestamp,PM2.5,PM10,Humidity,Temperature
Timestamp,PM2.5,PM10,Humidity,Temperature
